-- phpMyAdmin SQL Dump
-- version 5.2.1
-- https://www.phpmyadmin.net/
--
-- Servidor: 127.0.0.1
-- Tiempo de generación: 15-10-2025 a las 23:39:17
-- Versión del servidor: 10.4.32-MariaDB
-- Versión de PHP: 8.2.12

SET SQL_MODE = "NO_AUTO_VALUE_ON_ZERO";
START TRANSACTION;
SET time_zone = "+00:00";


/*!40101 SET @OLD_CHARACTER_SET_CLIENT=@@CHARACTER_SET_CLIENT */;
/*!40101 SET @OLD_CHARACTER_SET_RESULTS=@@CHARACTER_SET_RESULTS */;
/*!40101 SET @OLD_COLLATION_CONNECTION=@@COLLATION_CONNECTION */;
/*!40101 SET NAMES utf8mb4 */;

--
-- Base de datos: `juego_colisiones`
--

-- --------------------------------------------------------

--
-- Estructura de tabla para la tabla `registro_colisiones`
--

CREATE TABLE `registro_colisiones` (
  `id_colision` int(11) NOT NULL,
  `id_usuario` int(11) NOT NULL,
  `id_partida` int(11) NOT NULL,
  `botella_vidrio` int(11) DEFAULT NULL,
  `papel_reciclable` int(11) DEFAULT NULL,
  `botella_plastico` int(11) DEFAULT NULL,
  `residuo_electronico` int(11) DEFAULT NULL,
  `fecha_hora` datetime NOT NULL
) ENGINE=InnoDB DEFAULT CHARSET=utf8mb4 COLLATE=utf8mb4_general_ci;

--
-- Volcado de datos para la tabla `registro_colisiones`
--

INSERT INTO `registro_colisiones` (`id_colision`, `id_usuario`, `id_partida`, `botella_vidrio`, `papel_reciclable`, `botella_plastico`, `residuo_electronico`, `fecha_hora`) VALUES
(26, 1, 1, 2, 3, 5, 5, '2025-10-08 09:06:30'),
(27, 2, 2, 0, 0, 0, 0, '2025-10-08 09:17:26'),
(28, 1, 55, 12, 27, 5, 50, '2025-10-15 00:39:40'),
(29, 1, 56, 16, 0, 40, 25, '2025-10-15 01:15:52'),
(30, 1, 61, 16, 9, 10, 30, '2025-10-15 02:28:22'),
(31, 1, 65, 4, 21, 25, 30, '2025-10-15 03:09:06'),
(32, 1, 69, 12, 12, 20, 30, '2025-10-15 03:27:10'),
(33, 1, 81, 0, 0, 0, 0, '2025-10-15 14:36:32'),
(34, 1, 85, 0, 0, 0, 0, '2025-10-15 14:52:03'),
(35, 1, 86, 14, 12, 35, 45, '2025-10-15 14:55:32');

-- --------------------------------------------------------

--
-- Estructura de tabla para la tabla `registro_coordenadas`
--

CREATE TABLE `registro_coordenadas` (
  `id_coordenada` int(11) NOT NULL,
  `id_partida` int(11) NOT NULL,
  `id_usuario` int(11) NOT NULL,
  `objeto_colisionador` varchar(50) DEFAULT NULL,
  `objeto_colisionado` varchar(50) DEFAULT NULL,
  `x` int(11) DEFAULT NULL,
  `y` int(11) DEFAULT NULL,
  `fecha_hora` datetime NOT NULL
) ENGINE=InnoDB DEFAULT CHARSET=utf8mb4 COLLATE=utf8mb4_general_ci;

--
-- Volcado de datos para la tabla `registro_coordenadas`
--

INSERT INTO `registro_coordenadas` (`id_coordenada`, `id_partida`, `id_usuario`, `objeto_colisionador`, `objeto_colisionado`, `x`, `y`, `fecha_hora`) VALUES
(349, 1, 1, 'blanco', 'azul', 433, 108, '2025-10-08 09:06:04'),
(350, 1, 1, 'blanco', 'violeta', 95, 390, '2025-10-08 09:06:05'),
(351, 1, 1, 'rojo', 'violeta', 148, 200, '2025-10-08 09:06:06'),
(352, 1, 1, 'rojo', 'verde', 168, 305, '2025-10-08 09:06:08'),
(353, 1, 1, 'blanco', 'azul', 744, 3, '2025-10-08 09:06:08'),
(354, 1, 1, 'rojo', 'amarillo', 539, 90, '2025-10-08 09:06:09'),
(355, 1, 1, 'blanco', 'verde', 282, 177, '2025-10-08 09:06:11'),
(356, 1, 1, 'rojo', 'azul', 133, 477, '2025-10-08 09:06:12'),
(357, 1, 1, 'blanco', 'amarillo', 531, 139, '2025-10-08 09:06:12'),
(358, 1, 1, 'blanco', 'verde', 619, 178, '2025-10-08 09:06:12'),
(359, 1, 1, 'blanco', 'verde', 656, 264, '2025-10-08 09:06:13'),
(360, 1, 1, 'blanco', 'amarillo', 201, 124, '2025-10-08 09:06:16'),
(361, 1, 1, 'blanco', 'verde', 90, 419, '2025-10-08 09:06:21'),
(362, 1, 1, 'blanco', 'azul', 256, 174, '2025-10-08 09:06:27'),
(363, 1, 1, 'blanco', 'azul', 349, 64, '2025-10-08 09:06:27'),
(364, 2, 2, 'blanco', 'azul', 219, 395, '2025-10-08 09:16:57'),
(365, 2, 2, 'blanco', 'verde', 631, 204, '2025-10-08 09:17:21'),
(366, 2, 2, 'blanco', 'amarillo', 34, 440, '2025-10-08 09:17:24'),
(367, 55, 1, 'rojo', 'violeta', 411, 495, '2025-10-15 00:39:12'),
(368, 55, 1, 'rojo', 'violeta', 564, 233, '2025-10-15 00:39:12'),
(369, 55, 1, 'rojo', 'verde', 646, 370, '2025-10-15 00:39:14'),
(370, 55, 1, 'rojo', 'azul', 957, 320, '2025-10-15 00:39:14'),
(371, 55, 1, 'rojo', 'verde', 580, 658, '2025-10-15 00:39:16'),
(372, 55, 1, 'rojo', 'azul', 575, 305, '2025-10-15 00:39:17'),
(373, 55, 1, 'blanco', 'azul', 885, 584, '2025-10-15 00:39:18'),
(374, 55, 1, 'rojo', 'violeta', 92, 382, '2025-10-15 00:39:18'),
(375, 55, 1, 'rojo', 'violeta', 175, 394, '2025-10-15 00:39:18'),
(376, 55, 1, 'rojo', 'azul', 880, 636, '2025-10-15 00:39:20'),
(377, 55, 1, 'rojo', 'violeta', 1117, 526, '2025-10-15 00:39:21'),
(378, 55, 1, 'rojo', 'azul', 133, 652, '2025-10-15 00:39:23'),
(379, 55, 1, 'rojo', 'violeta', 110, 272, '2025-10-15 00:39:23'),
(380, 55, 1, 'rojo', 'azul', 485, 624, '2025-10-15 00:39:24'),
(381, 55, 1, 'rojo', 'verde', 828, 7, '2025-10-15 00:39:26'),
(382, 55, 1, 'rojo', 'violeta', 967, 34, '2025-10-15 00:39:26'),
(383, 55, 1, 'blanco', 'verde', 356, 596, '2025-10-15 00:39:27'),
(384, 55, 1, 'rojo', 'violeta', 929, 544, '2025-10-15 00:39:27'),
(385, 55, 1, 'blanco', 'violeta', 443, 636, '2025-10-15 00:39:27'),
(386, 55, 1, 'rojo', 'violeta', 266, 647, '2025-10-15 00:39:28'),
(387, 55, 1, 'rojo', 'azul', 433, 167, '2025-10-15 00:39:29'),
(388, 55, 1, 'rojo', 'violeta', 1046, 138, '2025-10-15 00:39:30'),
(389, 55, 1, 'rojo', 'amarillo', 534, 12, '2025-10-15 00:39:31'),
(390, 55, 1, 'blanco', 'violeta', 928, 521, '2025-10-15 00:39:32'),
(391, 55, 1, 'rojo', 'verde', 293, 278, '2025-10-15 00:39:32'),
(392, 55, 1, 'rojo', 'azul', 296, 532, '2025-10-15 00:39:33'),
(393, 55, 1, 'blanco', 'amarillo', 1144, 203, '2025-10-15 00:39:33'),
(394, 55, 1, 'rojo', 'verde', 876, 494, '2025-10-15 00:39:34'),
(395, 55, 1, 'rojo', 'azul', 609, 109, '2025-10-15 00:39:35'),
(396, 55, 1, 'rojo', 'verde', 1162, 196, '2025-10-15 00:39:37'),
(397, 55, 1, 'rojo', 'azul', 1045, 270, '2025-10-15 00:39:38'),
(398, 56, 1, 'residuo_no_reciclable', 'botella_plastico', 683, 34, '2025-10-15 01:15:24'),
(399, 56, 1, 'residuo_no_reciclable', 'residuo_electronico', 812, 154, '2025-10-15 01:15:24'),
(400, 56, 1, 'tacho_reciclaje', 'botella_vidrio', 1174, 161, '2025-10-15 01:15:26'),
(401, 56, 1, 'tacho_reciclaje', 'residuo_electronico', 473, 388, '2025-10-15 01:15:28'),
(402, 56, 1, 'residuo_no_reciclable', 'residuo_electronico', 489, 35, '2025-10-15 01:15:28'),
(403, 56, 1, 'tacho_reciclaje', 'residuo_electronico', 878, 595, '2025-10-15 01:15:29'),
(404, 56, 1, 'tacho_reciclaje', 'botella_vidrio', 756, 40, '2025-10-15 01:15:31'),
(405, 56, 1, 'tacho_reciclaje', 'botella_vidrio', 911, 197, '2025-10-15 01:15:32'),
(406, 56, 1, 'tacho_reciclaje', 'botella_vidrio', 743, 192, '2025-10-15 01:15:33'),
(407, 56, 1, 'residuo_no_reciclable', 'papel_reciclable', 1115, 229, '2025-10-15 01:15:33'),
(408, 56, 1, 'residuo_no_reciclable', 'botella_plastico', 992, 647, '2025-10-15 01:15:34'),
(409, 56, 1, 'tacho_reciclaje', 'botella_plastico', 341, 669, '2025-10-15 01:15:36'),
(410, 56, 1, 'tacho_reciclaje', 'residuo_electronico', 267, 641, '2025-10-15 01:15:36'),
(411, 56, 1, 'tacho_reciclaje', 'botella_plastico', 677, 434, '2025-10-15 01:15:37'),
(412, 56, 1, 'tacho_reciclaje', 'botella_plastico', 753, 418, '2025-10-15 01:15:38'),
(413, 56, 1, 'tacho_reciclaje', 'residuo_electronico', 732, 351, '2025-10-15 01:15:38'),
(414, 56, 1, 'residuo_no_reciclable', 'residuo_electronico', 231, 520, '2025-10-15 01:15:38'),
(415, 56, 1, 'tacho_reciclaje', 'botella_plastico', 469, 349, '2025-10-15 01:15:39'),
(416, 56, 1, 'tacho_reciclaje', 'botella_vidrio', 232, 385, '2025-10-15 01:15:39'),
(417, 56, 1, 'tacho_reciclaje', 'residuo_electronico', 39, 489, '2025-10-15 01:15:40'),
(418, 56, 1, 'tacho_reciclaje', 'botella_vidrio', 1010, 667, '2025-10-15 01:15:41'),
(419, 56, 1, 'tacho_reciclaje', 'botella_plastico', 1133, 630, '2025-10-15 01:15:42'),
(420, 56, 1, 'tacho_reciclaje', 'botella_plastico', 300, 588, '2025-10-15 01:15:44'),
(421, 56, 1, 'tacho_reciclaje', 'botella_vidrio', 552, 331, '2025-10-15 01:15:45'),
(422, 56, 1, 'tacho_reciclaje', 'botella_plastico', 797, 615, '2025-10-15 01:15:47'),
(423, 56, 1, 'residuo_no_reciclable', 'botella_vidrio', 1075, 48, '2025-10-15 01:15:49'),
(424, 56, 1, 'tacho_reciclaje', 'botella_plastico', 883, 530, '2025-10-15 01:15:50'),
(425, 56, 1, 'tacho_reciclaje', 'botella_vidrio', 325, 559, '2025-10-15 01:15:51'),
(426, 59, 1, 'residuo_no_reciclable', 'residuo_electronico', 748, 63, '2025-10-15 01:58:17'),
(427, 59, 1, 'residuo_no_reciclable', 'papel_reciclable', 209, 291, '2025-10-15 01:58:21'),
(428, 59, 1, 'tacho_reciclaje', 'papel_reciclable', 469, 679, '2025-10-15 01:58:22'),
(429, 59, 1, 'residuo_no_reciclable', 'residuo_electronico', 975, 453, '2025-10-15 01:58:23'),
(430, 59, 1, 'tacho_reciclaje', 'papel_reciclable', 779, 388, '2025-10-15 01:58:24'),
(431, 59, 1, 'tacho_reciclaje', 'papel_reciclable', 140, 322, '2025-10-15 01:58:25'),
(432, 59, 1, 'residuo_no_reciclable', 'residuo_electronico', 859, 282, '2025-10-15 01:58:25'),
(433, 59, 1, 'tacho_reciclaje', 'papel_reciclable', 182, 294, '2025-10-15 01:58:26'),
(434, 59, 1, 'tacho_reciclaje', 'papel_reciclable', 597, 465, '2025-10-15 01:58:27'),
(435, 59, 1, 'tacho_reciclaje', 'botella_plastico', 676, 406, '2025-10-15 01:58:28'),
(436, 59, 1, 'tacho_reciclaje', 'botella_plastico', 1077, 190, '2025-10-15 01:58:29'),
(437, 59, 1, 'residuo_no_reciclable', 'botella_plastico', 268, 571, '2025-10-15 01:58:29'),
(438, 59, 1, 'tacho_reciclaje', 'papel_reciclable', 1186, 115, '2025-10-15 01:58:29'),
(439, 59, 1, 'tacho_reciclaje', 'botella_vidrio', 1228, 50, '2025-10-15 01:58:29'),
(440, 59, 1, 'tacho_reciclaje', 'botella_vidrio', 1191, 465, '2025-10-15 01:58:30'),
(441, 59, 1, 'tacho_reciclaje', 'botella_plastico', 65, 654, '2025-10-15 01:58:31'),
(442, 59, 1, 'tacho_reciclaje', 'papel_reciclable', 140, 353, '2025-10-15 01:58:33'),
(443, 59, 1, 'tacho_reciclaje', 'botella_vidrio', 388, 591, '2025-10-15 01:58:36'),
(444, 59, 1, 'residuo_no_reciclable', 'botella_vidrio', 202, 108, '2025-10-15 01:58:36'),
(445, 59, 1, 'residuo_no_reciclable', 'residuo_electronico', 94, 219, '2025-10-15 01:58:36'),
(446, 59, 1, 'tacho_reciclaje', 'residuo_electronico', 810, 189, '2025-10-15 01:58:37'),
(447, 59, 1, 'residuo_no_reciclable', 'residuo_electronico', 415, 601, '2025-10-15 01:58:38'),
(448, 59, 1, 'residuo_no_reciclable', 'papel_reciclable', 1163, 233, '2025-10-15 01:58:40'),
(449, 59, 1, 'residuo_no_reciclable', 'botella_vidrio', 1189, 354, '2025-10-15 01:58:41'),
(450, 59, 1, 'residuo_no_reciclable', 'residuo_electronico', 927, 541, '2025-10-15 01:58:41'),
(451, 59, 1, 'tacho_reciclaje', 'residuo_electronico', 683, 369, '2025-10-15 01:58:43'),
(452, 59, 1, 'tacho_reciclaje', 'papel_reciclable', 631, 635, '2025-10-15 01:58:44'),
(453, 59, 1, 'residuo_no_reciclable', 'botella_plastico', 173, 8, '2025-10-15 01:58:44'),
(454, 59, 1, 'residuo_no_reciclable', 'botella_vidrio', 131, 319, '2025-10-15 01:58:45'),
(455, 59, 1, 'tacho_reciclaje', 'residuo_electronico', 1089, 75, '2025-10-15 01:58:46'),
(456, 60, 1, 'residuo_no_reciclable', 'botella_vidrio', 1116, 538, '2025-10-15 02:16:06'),
(457, 60, 1, 'residuo_no_reciclable', 'papel_reciclable', 390, 102, '2025-10-15 02:16:08'),
(458, 60, 1, 'tacho_reciclaje', 'residuo_electronico', 541, 535, '2025-10-15 02:16:08'),
(459, 60, 1, 'residuo_no_reciclable', 'botella_plastico', 318, 620, '2025-10-15 02:16:11'),
(460, 60, 1, 'tacho_reciclaje', 'botella_plastico', 946, 464, '2025-10-15 02:16:11'),
(461, 60, 1, 'tacho_reciclaje', 'residuo_electronico', 948, 575, '2025-10-15 02:16:12'),
(462, 60, 1, 'tacho_reciclaje', 'residuo_electronico', 429, 221, '2025-10-15 02:16:13'),
(463, 60, 1, 'tacho_reciclaje', 'botella_vidrio', 535, 379, '2025-10-15 02:16:14'),
(464, 60, 1, 'residuo_no_reciclable', 'papel_reciclable', 1230, 193, '2025-10-15 02:16:14'),
(465, 60, 1, 'tacho_reciclaje', 'botella_plastico', 277, 413, '2025-10-15 02:16:15'),
(466, 60, 1, 'tacho_reciclaje', 'residuo_electronico', 291, 568, '2025-10-15 02:16:15'),
(467, 60, 1, 'tacho_reciclaje', 'papel_reciclable', 339, 158, '2025-10-15 02:16:16'),
(468, 60, 1, 'tacho_reciclaje', 'botella_vidrio', 738, 457, '2025-10-15 02:16:18'),
(469, 60, 1, 'tacho_reciclaje', 'botella_plastico', 471, 257, '2025-10-15 02:16:20'),
(470, 60, 1, 'tacho_reciclaje', 'residuo_electronico', 396, 603, '2025-10-15 02:16:21'),
(471, 60, 1, 'tacho_reciclaje', 'residuo_electronico', 416, 390, '2025-10-15 02:16:23'),
(472, 60, 1, 'residuo_no_reciclable', 'botella_plastico', 317, 131, '2025-10-15 02:16:27'),
(473, 60, 1, 'residuo_no_reciclable', 'residuo_electronico', 498, 280, '2025-10-15 02:16:27'),
(474, 60, 1, 'residuo_no_reciclable', 'botella_vidrio', 1211, 329, '2025-10-15 02:16:30'),
(475, 60, 1, 'tacho_reciclaje', 'residuo_electronico', 683, 336, '2025-10-15 02:16:30'),
(476, 60, 1, 'tacho_reciclaje', 'papel_reciclable', 1235, 182, '2025-10-15 02:16:32'),
(477, 60, 1, 'tacho_reciclaje', 'botella_plastico', 1216, 169, '2025-10-15 02:16:32'),
(478, 60, 1, 'residuo_no_reciclable', 'papel_reciclable', 478, 502, '2025-10-15 02:16:32'),
(479, 60, 1, 'tacho_reciclaje', 'residuo_electronico', 1220, 71, '2025-10-15 02:16:33'),
(480, 60, 1, 'residuo_no_reciclable', 'residuo_electronico', 155, 575, '2025-10-15 02:16:33'),
(481, 60, 1, 'residuo_no_reciclable', 'botella_vidrio', 135, 599, '2025-10-15 02:16:33'),
(482, 60, 1, 'tacho_reciclaje', 'residuo_electronico', 297, 576, '2025-10-15 02:16:37'),
(483, 60, 1, 'residuo_no_reciclable', 'botella_plastico', 1116, 673, '2025-10-15 02:16:37'),
(484, 60, 1, 'tacho_reciclaje', 'botella_vidrio', 874, 150, '2025-10-15 02:16:38'),
(485, 60, 1, 'residuo_no_reciclable', 'papel_reciclable', 1064, 349, '2025-10-15 02:16:38'),
(486, 60, 1, 'residuo_no_reciclable', 'botella_vidrio', 1031, 309, '2025-10-15 02:16:38'),
(487, 60, 1, 'tacho_reciclaje', 'botella_plastico', 940, 138, '2025-10-15 02:16:39'),
(488, 60, 1, 'tacho_reciclaje', 'botella_plastico', 1027, 111, '2025-10-15 02:16:39'),
(489, 60, 1, 'tacho_reciclaje', 'botella_plastico', 699, 522, '2025-10-15 02:16:40'),
(490, 60, 1, 'residuo_no_reciclable', 'botella_plastico', 379, 268, '2025-10-15 02:16:41'),
(491, 60, 1, 'tacho_reciclaje', 'botella_vidrio', 628, 432, '2025-10-15 02:16:41'),
(492, 60, 1, 'tacho_reciclaje', 'residuo_electronico', 576, 453, '2025-10-15 02:16:42'),
(493, 60, 1, 'tacho_reciclaje', 'papel_reciclable', 415, 578, '2025-10-15 02:16:44'),
(494, 60, 1, 'tacho_reciclaje', 'residuo_electronico', 197, 56, '2025-10-15 02:16:46'),
(495, 60, 1, 'tacho_reciclaje', 'residuo_electronico', 624, 172, '2025-10-15 02:16:47'),
(496, 60, 1, 'residuo_no_reciclable', 'botella_vidrio', 1085, 135, '2025-10-15 02:16:53'),
(497, 60, 1, 'residuo_no_reciclable', 'residuo_electronico', 1131, 272, '2025-10-15 02:16:54'),
(498, 60, 1, 'residuo_no_reciclable', 'botella_plastico', 1175, 387, '2025-10-15 02:16:54'),
(499, 60, 1, 'residuo_no_reciclable', 'botella_vidrio', 822, 517, '2025-10-15 02:16:55'),
(500, 60, 1, 'tacho_reciclaje', 'residuo_electronico', 733, 130, '2025-10-15 02:16:56'),
(501, 60, 1, 'residuo_no_reciclable', 'residuo_electronico', 398, 71, '2025-10-15 02:16:57'),
(502, 60, 1, 'residuo_no_reciclable', 'residuo_electronico', 43, 572, '2025-10-15 02:16:58'),
(503, 61, 1, 'residuo_no_reciclable', 'botella_vidrio', 1194, 588, '2025-10-15 02:27:53'),
(504, 61, 1, 'residuo_no_reciclable', 'botella_vidrio', 1116, 512, '2025-10-15 02:27:54'),
(505, 61, 1, 'tacho_reciclaje', 'papel_reciclable', 513, 333, '2025-10-15 02:27:54'),
(506, 61, 1, 'residuo_no_reciclable', 'botella_plastico', 706, 236, '2025-10-15 02:27:55'),
(507, 61, 1, 'residuo_no_reciclable', 'botella_vidrio', 570, 113, '2025-10-15 02:27:56'),
(508, 61, 1, 'tacho_reciclaje', 'botella_plastico', 1066, 335, '2025-10-15 02:27:56'),
(509, 61, 1, 'residuo_no_reciclable', 'residuo_electronico', 43, 640, '2025-10-15 02:27:58'),
(510, 61, 1, 'tacho_reciclaje', 'botella_vidrio', 1143, 273, '2025-10-15 02:27:58'),
(511, 61, 1, 'tacho_reciclaje', 'residuo_electronico', 1132, 16, '2025-10-15 02:27:59'),
(512, 61, 1, 'residuo_no_reciclable', 'botella_plastico', 584, 283, '2025-10-15 02:27:59'),
(513, 61, 1, 'residuo_no_reciclable', 'residuo_electronico', 612, 167, '2025-10-15 02:28:00'),
(514, 61, 1, 'tacho_reciclaje', 'residuo_electronico', 376, 321, '2025-10-15 02:28:00'),
(515, 61, 1, 'residuo_no_reciclable', 'botella_plastico', 893, 82, '2025-10-15 02:28:00'),
(516, 61, 1, 'residuo_no_reciclable', 'residuo_electronico', 949, 168, '2025-10-15 02:28:01'),
(517, 61, 1, 'tacho_reciclaje', 'botella_vidrio', 81, 329, '2025-10-15 02:28:01'),
(518, 61, 1, 'tacho_reciclaje', 'botella_vidrio', 487, 73, '2025-10-15 02:28:02'),
(519, 61, 1, 'tacho_reciclaje', 'botella_vidrio', 855, 12, '2025-10-15 02:28:03'),
(520, 61, 1, 'residuo_no_reciclable', 'papel_reciclable', 328, 0, '2025-10-15 02:28:05'),
(521, 61, 1, 'tacho_reciclaje', 'botella_plastico', 1052, 391, '2025-10-15 02:28:05'),
(522, 61, 1, 'tacho_reciclaje', 'residuo_electronico', 765, 73, '2025-10-15 02:28:06'),
(523, 61, 1, 'residuo_no_reciclable', 'papel_reciclable', 282, 662, '2025-10-15 02:28:07'),
(524, 61, 1, 'tacho_reciclaje', 'residuo_electronico', 727, 446, '2025-10-15 02:28:07'),
(525, 61, 1, 'residuo_no_reciclable', 'residuo_electronico', 1082, 71, '2025-10-15 02:28:09'),
(526, 61, 1, 'tacho_reciclaje', 'botella_vidrio', 179, 604, '2025-10-15 02:28:12'),
(527, 61, 1, 'tacho_reciclaje', 'papel_reciclable', 374, 547, '2025-10-15 02:28:12'),
(528, 61, 1, 'tacho_reciclaje', 'residuo_electronico', 750, 557, '2025-10-15 02:28:13'),
(529, 61, 1, 'tacho_reciclaje', 'botella_vidrio', 815, 230, '2025-10-15 02:28:14'),
(530, 61, 1, 'residuo_no_reciclable', 'botella_plastico', 190, 358, '2025-10-15 02:28:15'),
(531, 61, 1, 'tacho_reciclaje', 'papel_reciclable', 919, 111, '2025-10-15 02:28:16'),
(532, 61, 1, 'tacho_reciclaje', 'residuo_electronico', 334, 161, '2025-10-15 02:28:17'),
(533, 61, 1, 'tacho_reciclaje', 'botella_vidrio', 534, 337, '2025-10-15 02:28:20'),
(534, 61, 1, 'tacho_reciclaje', 'botella_vidrio', 170, 288, '2025-10-15 02:28:21'),
(535, 61, 1, 'residuo_no_reciclable', 'papel_reciclable', 122, 223, '2025-10-15 02:28:22'),
(536, 62, 1, 'residuo_no_reciclable', 'residuo_electronico', 802, 179, '2025-10-15 02:30:32'),
(537, 62, 1, 'tacho_reciclaje', 'residuo_electronico', 180, 473, '2025-10-15 02:30:34'),
(538, 62, 1, 'residuo_no_reciclable', 'botella_plastico', 958, 546, '2025-10-15 02:30:35'),
(539, 62, 1, 'tacho_reciclaje', 'papel_reciclable', 354, 601, '2025-10-15 02:30:35'),
(540, 62, 1, 'residuo_no_reciclable', 'residuo_electronico', 523, 509, '2025-10-15 02:30:36'),
(541, 62, 1, 'residuo_no_reciclable', 'papel_reciclable', 549, 426, '2025-10-15 02:30:36'),
(542, 62, 1, 'tacho_reciclaje', 'botella_plastico', 429, 563, '2025-10-15 02:30:37'),
(543, 62, 1, 'tacho_reciclaje', 'botella_vidrio', 1009, 560, '2025-10-15 02:30:38'),
(544, 62, 1, 'tacho_reciclaje', 'residuo_electronico', 621, 274, '2025-10-15 02:30:40'),
(545, 62, 1, 'tacho_reciclaje', 'residuo_electronico', 474, 141, '2025-10-15 02:30:40'),
(546, 62, 1, 'residuo_no_reciclable', 'botella_vidrio', 739, 407, '2025-10-15 02:30:40'),
(547, 62, 1, 'tacho_reciclaje', 'papel_reciclable', 26, 520, '2025-10-15 02:30:41'),
(548, 62, 1, 'tacho_reciclaje', 'residuo_electronico', 441, 428, '2025-10-15 02:30:43'),
(549, 62, 1, 'residuo_no_reciclable', 'papel_reciclable', 587, 612, '2025-10-15 02:30:44'),
(550, 62, 1, 'tacho_reciclaje', 'botella_vidrio', 513, 179, '2025-10-15 02:30:44'),
(551, 62, 1, 'tacho_reciclaje', 'botella_vidrio', 650, 162, '2025-10-15 02:30:45'),
(552, 62, 1, 'residuo_no_reciclable', 'botella_vidrio', 457, 500, '2025-10-15 02:30:45'),
(553, 62, 1, 'tacho_reciclaje', 'botella_plastico', 1013, 2, '2025-10-15 02:30:46'),
(554, 62, 1, 'residuo_no_reciclable', 'papel_reciclable', 90, 217, '2025-10-15 02:30:46'),
(555, 62, 1, 'tacho_reciclaje', 'residuo_electronico', 1135, 214, '2025-10-15 02:30:46'),
(556, 62, 1, 'tacho_reciclaje', 'botella_vidrio', 488, 10, '2025-10-15 02:30:49'),
(557, 62, 1, 'residuo_no_reciclable', 'botella_vidrio', 1138, 202, '2025-10-15 02:30:50'),
(558, 62, 1, 'residuo_no_reciclable', 'papel_reciclable', 652, 409, '2025-10-15 02:30:52'),
(559, 62, 1, 'tacho_reciclaje', 'residuo_electronico', 1175, 633, '2025-10-15 02:30:53'),
(560, 62, 1, 'residuo_no_reciclable', 'botella_vidrio', 75, 528, '2025-10-15 02:30:54'),
(561, 62, 1, 'tacho_reciclaje', 'botella_plastico', 511, 572, '2025-10-15 02:30:54'),
(562, 62, 1, 'tacho_reciclaje', 'residuo_electronico', 650, 214, '2025-10-15 02:30:54'),
(563, 62, 1, 'tacho_reciclaje', 'papel_reciclable', 814, 435, '2025-10-15 02:30:55'),
(564, 62, 1, 'residuo_no_reciclable', 'botella_vidrio', 1045, 669, '2025-10-15 02:30:57'),
(565, 62, 1, 'tacho_reciclaje', 'residuo_electronico', 287, 383, '2025-10-15 02:30:58'),
(566, 62, 1, 'residuo_no_reciclable', 'papel_reciclable', 1019, 344, '2025-10-15 02:30:59'),
(567, 62, 1, 'tacho_reciclaje', 'botella_plastico', 283, 539, '2025-10-15 02:30:59'),
(568, 62, 1, 'residuo_no_reciclable', 'residuo_electronico', 368, 395, '2025-10-15 02:31:01'),
(569, 62, 1, 'tacho_reciclaje', 'papel_reciclable', 1028, 655, '2025-10-15 02:31:02'),
(570, 62, 1, 'tacho_reciclaje', 'botella_plastico', 687, 678, '2025-10-15 02:31:02'),
(571, 62, 1, 'tacho_reciclaje', 'botella_vidrio', 237, 56, '2025-10-15 02:31:03'),
(572, 62, 1, 'tacho_reciclaje', 'papel_reciclable', 146, 176, '2025-10-15 02:31:03'),
(573, 62, 1, 'tacho_reciclaje', 'papel_reciclable', 61, 179, '2025-10-15 02:31:04'),
(574, 62, 1, 'tacho_reciclaje', 'papel_reciclable', 27, 182, '2025-10-15 02:31:04'),
(575, 62, 1, 'residuo_no_reciclable', 'papel_reciclable', 668, 27, '2025-10-15 02:31:04'),
(576, 62, 1, 'tacho_reciclaje', 'residuo_electronico', 457, 598, '2025-10-15 02:31:06'),
(577, 62, 1, 'residuo_no_reciclable', 'residuo_electronico', 1023, 560, '2025-10-15 02:31:07'),
(578, 62, 1, 'residuo_no_reciclable', 'papel_reciclable', 612, 177, '2025-10-15 02:31:08'),
(579, 62, 1, 'tacho_reciclaje', 'botella_plastico', 763, 564, '2025-10-15 02:31:10'),
(580, 62, 1, 'tacho_reciclaje', 'residuo_electronico', 738, 373, '2025-10-15 02:31:10'),
(581, 62, 1, 'tacho_reciclaje', 'papel_reciclable', 781, 141, '2025-10-15 02:31:12'),
(582, 62, 1, 'tacho_reciclaje', 'botella_plastico', 631, 579, '2025-10-15 02:31:14'),
(583, 62, 1, 'residuo_no_reciclable', 'botella_plastico', 1128, 357, '2025-10-15 02:31:14'),
(584, 62, 1, 'tacho_reciclaje', 'residuo_electronico', 179, 252, '2025-10-15 02:31:15'),
(585, 62, 1, 'tacho_reciclaje', 'papel_reciclable', 48, 431, '2025-10-15 02:31:15'),
(586, 62, 1, 'tacho_reciclaje', 'papel_reciclable', 612, 457, '2025-10-15 02:31:17'),
(587, 62, 1, 'tacho_reciclaje', 'botella_vidrio', 874, 494, '2025-10-15 02:31:18'),
(588, 62, 1, 'tacho_reciclaje', 'botella_plastico', 709, 172, '2025-10-15 02:31:19'),
(589, 62, 1, 'tacho_reciclaje', 'residuo_electronico', 609, 223, '2025-10-15 02:31:20'),
(590, 62, 1, 'residuo_no_reciclable', 'residuo_electronico', 420, 627, '2025-10-15 02:31:20'),
(591, 62, 1, 'tacho_reciclaje', 'residuo_electronico', 323, 261, '2025-10-15 02:31:20'),
(592, 62, 1, 'tacho_reciclaje', 'botella_vidrio', 285, 659, '2025-10-15 02:31:23'),
(593, 62, 1, 'tacho_reciclaje', 'papel_reciclable', 281, 427, '2025-10-15 02:31:24'),
(594, 62, 1, 'residuo_no_reciclable', 'botella_vidrio', 471, 525, '2025-10-15 02:31:25'),
(595, 62, 1, 'tacho_reciclaje', 'botella_vidrio', 196, 355, '2025-10-15 02:31:27'),
(596, 62, 1, 'tacho_reciclaje', 'botella_vidrio', 333, 45, '2025-10-15 02:31:28'),
(597, 62, 1, 'tacho_reciclaje', 'botella_vidrio', 481, 60, '2025-10-15 02:31:31'),
(598, 62, 1, 'tacho_reciclaje', 'papel_reciclable', 441, 235, '2025-10-15 02:31:31'),
(599, 62, 1, 'tacho_reciclaje', 'botella_plastico', 569, 308, '2025-10-15 02:31:34'),
(600, 62, 1, 'tacho_reciclaje', 'botella_plastico', 546, 259, '2025-10-15 02:31:34'),
(601, 62, 1, 'residuo_no_reciclable', 'botella_plastico', 251, 16, '2025-10-15 02:31:35'),
(602, 62, 1, 'tacho_reciclaje', 'papel_reciclable', 84, 577, '2025-10-15 02:31:35'),
(603, 62, 1, 'residuo_no_reciclable', 'residuo_electronico', 1161, 446, '2025-10-15 02:31:38'),
(604, 62, 1, 'tacho_reciclaje', 'papel_reciclable', 914, 514, '2025-10-15 02:31:39'),
(605, 62, 1, 'tacho_reciclaje', 'papel_reciclable', 374, 533, '2025-10-15 02:31:39'),
(606, 62, 1, 'residuo_no_reciclable', 'botella_vidrio', 393, 494, '2025-10-15 02:31:41'),
(607, 62, 1, 'tacho_reciclaje', 'residuo_electronico', 825, 184, '2025-10-15 02:31:42'),
(608, 62, 1, 'tacho_reciclaje', 'botella_plastico', 929, 301, '2025-10-15 02:31:43'),
(609, 62, 1, 'residuo_no_reciclable', 'botella_plastico', 377, 135, '2025-10-15 02:31:44'),
(610, 62, 1, 'residuo_no_reciclable', 'botella_vidrio', 1092, 649, '2025-10-15 02:31:46'),
(611, 62, 1, 'tacho_reciclaje', 'botella_plastico', 541, 491, '2025-10-15 02:31:46'),
(612, 62, 1, 'residuo_no_reciclable', 'residuo_electronico', 1198, 550, '2025-10-15 02:31:46'),
(613, 62, 1, 'tacho_reciclaje', 'botella_plastico', 192, 349, '2025-10-15 02:31:48'),
(614, 62, 1, 'tacho_reciclaje', 'residuo_electronico', 181, 651, '2025-10-15 02:31:48'),
(615, 62, 1, 'residuo_no_reciclable', 'residuo_electronico', 649, 3, '2025-10-15 02:31:48'),
(616, 62, 1, 'tacho_reciclaje', 'botella_vidrio', 1154, 55, '2025-10-15 02:31:50'),
(617, 62, 1, 'residuo_no_reciclable', 'residuo_electronico', 16, 602, '2025-10-15 02:31:50'),
(618, 62, 1, 'tacho_reciclaje', 'botella_vidrio', 1080, 178, '2025-10-15 02:31:51'),
(619, 62, 1, 'tacho_reciclaje', 'botella_vidrio', 902, 275, '2025-10-15 02:31:52'),
(620, 62, 1, 'residuo_no_reciclable', 'botella_vidrio', 863, 182, '2025-10-15 02:31:53'),
(621, 62, 1, 'tacho_reciclaje', 'residuo_electronico', 438, 524, '2025-10-15 02:31:53'),
(622, 62, 1, 'tacho_reciclaje', 'botella_vidrio', 460, 314, '2025-10-15 02:31:55'),
(623, 62, 1, 'tacho_reciclaje', 'residuo_electronico', 181, 125, '2025-10-15 02:31:56'),
(624, 62, 1, 'tacho_reciclaje', 'botella_vidrio', 457, 590, '2025-10-15 02:31:57'),
(625, 62, 1, 'tacho_reciclaje', 'residuo_electronico', 1193, 388, '2025-10-15 02:31:58'),
(626, 62, 1, 'tacho_reciclaje', 'residuo_electronico', 928, 301, '2025-10-15 02:31:59'),
(627, 62, 1, 'tacho_reciclaje', 'residuo_electronico', 894, 398, '2025-10-15 02:32:00'),
(628, 62, 1, 'tacho_reciclaje', 'botella_vidrio', 590, 488, '2025-10-15 02:32:01'),
(629, 62, 1, 'tacho_reciclaje', 'residuo_electronico', 378, 639, '2025-10-15 02:32:02'),
(630, 62, 1, 'residuo_no_reciclable', 'botella_plastico', 1056, 139, '2025-10-15 02:32:02'),
(631, 62, 1, 'residuo_no_reciclable', 'botella_vidrio', 1113, 475, '2025-10-15 02:32:03'),
(632, 62, 1, 'tacho_reciclaje', 'papel_reciclable', 1184, 97, '2025-10-15 02:32:03'),
(633, 62, 1, 'tacho_reciclaje', 'residuo_electronico', 974, 301, '2025-10-15 02:32:04'),
(634, 62, 1, 'tacho_reciclaje', 'botella_vidrio', 593, 608, '2025-10-15 02:32:06'),
(635, 62, 1, 'tacho_reciclaje', 'botella_vidrio', 339, 467, '2025-10-15 02:32:07'),
(636, 62, 1, 'residuo_no_reciclable', 'botella_vidrio', 213, 303, '2025-10-15 02:32:07'),
(637, 62, 1, 'tacho_reciclaje', 'residuo_electronico', 292, 483, '2025-10-15 02:32:07'),
(638, 62, 1, 'tacho_reciclaje', 'papel_reciclable', 264, 627, '2025-10-15 02:32:07'),
(639, 62, 1, 'tacho_reciclaje', 'botella_plastico', 300, 664, '2025-10-15 02:32:08'),
(640, 62, 1, 'tacho_reciclaje', 'botella_vidrio', 508, 182, '2025-10-15 02:32:09'),
(641, 62, 1, 'tacho_reciclaje', 'botella_plastico', 658, 186, '2025-10-15 02:32:09'),
(642, 62, 1, 'residuo_no_reciclable', 'papel_reciclable', 670, 469, '2025-10-15 02:32:09'),
(643, 62, 1, 'tacho_reciclaje', 'residuo_electronico', 970, 504, '2025-10-15 02:32:10'),
(644, 62, 1, 'tacho_reciclaje', 'botella_plastico', 712, 289, '2025-10-15 02:32:11'),
(645, 62, 1, 'tacho_reciclaje', 'residuo_electronico', 664, 274, '2025-10-15 02:32:11'),
(646, 62, 1, 'tacho_reciclaje', 'botella_vidrio', 69, 332, '2025-10-15 02:32:11'),
(647, 62, 1, 'residuo_no_reciclable', 'residuo_electronico', 727, 438, '2025-10-15 02:32:12'),
(648, 62, 1, 'tacho_reciclaje', 'residuo_electronico', 336, 156, '2025-10-15 02:32:13'),
(649, 62, 1, 'residuo_no_reciclable', 'residuo_electronico', 371, 442, '2025-10-15 02:32:13'),
(650, 62, 1, 'residuo_no_reciclable', 'residuo_electronico', 377, 414, '2025-10-15 02:32:13'),
(651, 62, 1, 'tacho_reciclaje', 'botella_plastico', 303, 68, '2025-10-15 02:32:14'),
(652, 62, 1, 'residuo_no_reciclable', 'papel_reciclable', 132, 226, '2025-10-15 02:32:14'),
(653, 62, 1, 'residuo_no_reciclable', 'papel_reciclable', 182, 277, '2025-10-15 02:32:14'),
(654, 62, 1, 'residuo_no_reciclable', 'papel_reciclable', 182, 277, '2025-10-15 02:32:14'),
(655, 62, 1, 'residuo_no_reciclable', 'residuo_electronico', 101, 265, '2025-10-15 02:32:14'),
(656, 62, 1, 'tacho_reciclaje', 'botella_vidrio', 398, 233, '2025-10-15 02:32:15'),
(657, 62, 1, 'residuo_no_reciclable', 'botella_plastico', 1019, 405, '2025-10-15 02:32:18'),
(658, 62, 1, 'tacho_reciclaje', 'residuo_electronico', 989, 563, '2025-10-15 02:32:20'),
(659, 62, 1, 'tacho_reciclaje', 'papel_reciclable', 931, 324, '2025-10-15 02:32:20'),
(660, 62, 1, 'tacho_reciclaje', 'botella_vidrio', 833, 449, '2025-10-15 02:32:21'),
(661, 62, 1, 'tacho_reciclaje', 'residuo_electronico', 895, 245, '2025-10-15 02:32:22'),
(662, 62, 1, 'residuo_no_reciclable', 'botella_vidrio', 16, 293, '2025-10-15 02:32:23'),
(663, 62, 1, 'residuo_no_reciclable', 'botella_plastico', 254, 131, '2025-10-15 02:32:24'),
(664, 62, 1, 'residuo_no_reciclable', 'residuo_electronico', 790, 409, '2025-10-15 02:32:25'),
(665, 62, 1, 'tacho_reciclaje', 'botella_plastico', 264, 145, '2025-10-15 02:32:28'),
(666, 62, 1, 'tacho_reciclaje', 'botella_vidrio', 174, 639, '2025-10-15 02:32:28'),
(667, 62, 1, 'tacho_reciclaje', 'botella_vidrio', 975, 578, '2025-10-15 02:32:29'),
(668, 62, 1, 'tacho_reciclaje', 'residuo_electronico', 945, 380, '2025-10-15 02:32:29'),
(669, 62, 1, 'residuo_no_reciclable', 'residuo_electronico', 277, 410, '2025-10-15 02:32:30'),
(670, 62, 1, 'tacho_reciclaje', 'botella_plastico', 1033, 41, '2025-10-15 02:32:30'),
(671, 62, 1, 'tacho_reciclaje', 'papel_reciclable', 1225, 210, '2025-10-15 02:32:31'),
(672, 62, 1, 'tacho_reciclaje', 'residuo_electronico', 654, 224, '2025-10-15 02:32:31'),
(673, 62, 1, 'residuo_no_reciclable', 'botella_vidrio', 166, 326, '2025-10-15 02:32:32'),
(674, 62, 1, 'tacho_reciclaje', 'papel_reciclable', 949, 374, '2025-10-15 02:32:32'),
(675, 62, 1, 'residuo_no_reciclable', 'botella_vidrio', 747, 147, '2025-10-15 02:32:33'),
(676, 62, 1, 'residuo_no_reciclable', 'botella_plastico', 776, 146, '2025-10-15 02:32:33'),
(677, 62, 1, 'tacho_reciclaje', 'residuo_electronico', 1206, 215, '2025-10-15 02:32:34'),
(678, 62, 1, 'tacho_reciclaje', 'residuo_electronico', 362, 130, '2025-10-15 02:32:36'),
(679, 62, 1, 'tacho_reciclaje', 'papel_reciclable', 859, 56, '2025-10-15 02:32:36'),
(680, 62, 1, 'tacho_reciclaje', 'botella_vidrio', 962, 236, '2025-10-15 02:32:37'),
(681, 62, 1, 'tacho_reciclaje', 'botella_plastico', 470, 484, '2025-10-15 02:32:37'),
(682, 62, 1, 'residuo_no_reciclable', 'botella_vidrio', 609, 570, '2025-10-15 02:32:37'),
(683, 62, 1, 'residuo_no_reciclable', 'botella_vidrio', 402, 288, '2025-10-15 02:32:38'),
(684, 62, 1, 'tacho_reciclaje', 'botella_vidrio', 172, 380, '2025-10-15 02:32:42'),
(685, 62, 1, 'tacho_reciclaje', 'botella_plastico', 90, 527, '2025-10-15 02:32:43'),
(686, 62, 1, 'tacho_reciclaje', 'residuo_electronico', 430, 594, '2025-10-15 02:32:44'),
(687, 62, 1, 'tacho_reciclaje', 'botella_vidrio', 238, 384, '2025-10-15 02:32:45'),
(688, 62, 1, 'tacho_reciclaje', 'residuo_electronico', 413, 392, '2025-10-15 02:32:45'),
(689, 62, 1, 'tacho_reciclaje', 'papel_reciclable', 1129, 491, '2025-10-15 02:32:46'),
(690, 62, 1, 'tacho_reciclaje', 'papel_reciclable', 1001, 193, '2025-10-15 02:32:47'),
(691, 62, 1, 'tacho_reciclaje', 'residuo_electronico', 137, 410, '2025-10-15 02:32:50'),
(692, 62, 1, 'residuo_no_reciclable', 'residuo_electronico', 997, 312, '2025-10-15 02:32:50'),
(693, 62, 1, 'tacho_reciclaje', 'residuo_electronico', 73, 418, '2025-10-15 02:32:51'),
(694, 62, 1, 'tacho_reciclaje', 'residuo_electronico', 167, 402, '2025-10-15 02:32:52'),
(695, 62, 1, 'residuo_no_reciclable', 'botella_plastico', 447, 11, '2025-10-15 02:32:53'),
(696, 62, 1, 'tacho_reciclaje', 'residuo_electronico', 482, 464, '2025-10-15 02:32:54'),
(697, 62, 1, 'tacho_reciclaje', 'botella_plastico', 649, 40, '2025-10-15 02:32:55'),
(698, 62, 1, 'tacho_reciclaje', 'papel_reciclable', 1169, 252, '2025-10-15 02:32:57'),
(699, 62, 1, 'residuo_no_reciclable', 'botella_vidrio', 1095, 85, '2025-10-15 02:32:58'),
(700, 62, 1, 'tacho_reciclaje', 'botella_plastico', 428, 278, '2025-10-15 02:33:00'),
(701, 62, 1, 'tacho_reciclaje', 'residuo_electronico', 398, 69, '2025-10-15 02:33:03'),
(702, 62, 1, 'tacho_reciclaje', 'botella_plastico', 186, 626, '2025-10-15 02:33:04'),
(703, 62, 1, 'tacho_reciclaje', 'residuo_electronico', 195, 642, '2025-10-15 02:33:04'),
(704, 62, 1, 'tacho_reciclaje', 'botella_vidrio', 115, 634, '2025-10-15 02:33:04'),
(705, 62, 1, 'tacho_reciclaje', 'residuo_electronico', 65, 313, '2025-10-15 02:33:05'),
(706, 62, 1, 'tacho_reciclaje', 'botella_vidrio', 375, 56, '2025-10-15 02:33:08'),
(707, 62, 1, 'tacho_reciclaje', 'residuo_electronico', 531, 107, '2025-10-15 02:33:08'),
(708, 62, 1, 'tacho_reciclaje', 'botella_plastico', 863, 244, '2025-10-15 02:33:09'),
(709, 62, 1, 'tacho_reciclaje', 'papel_reciclable', 1011, 355, '2025-10-15 02:33:10'),
(710, 62, 1, 'tacho_reciclaje', 'papel_reciclable', 773, 455, '2025-10-15 02:33:10'),
(711, 62, 1, 'residuo_no_reciclable', 'residuo_electronico', 48, 102, '2025-10-15 02:33:10'),
(712, 62, 1, 'tacho_reciclaje', 'botella_vidrio', 395, 593, '2025-10-15 02:33:11'),
(713, 62, 1, 'tacho_reciclaje', 'botella_vidrio', 1016, 65, '2025-10-15 02:33:13'),
(714, 62, 1, 'tacho_reciclaje', 'papel_reciclable', 1072, 441, '2025-10-15 02:33:13'),
(715, 62, 1, 'tacho_reciclaje', 'residuo_electronico', 1084, 415, '2025-10-15 02:33:13'),
(716, 62, 1, 'tacho_reciclaje', 'botella_vidrio', 913, 377, '2025-10-15 02:33:15'),
(717, 62, 1, 'residuo_no_reciclable', 'botella_plastico', 736, 258, '2025-10-15 02:33:16'),
(718, 62, 1, 'tacho_reciclaje', 'botella_vidrio', 1143, 461, '2025-10-15 02:33:16'),
(719, 62, 1, 'residuo_no_reciclable', 'residuo_electronico', 132, 477, '2025-10-15 02:33:18'),
(720, 62, 1, 'tacho_reciclaje', 'botella_vidrio', 643, 186, '2025-10-15 02:33:19'),
(721, 62, 1, 'residuo_no_reciclable', 'botella_plastico', 368, 40, '2025-10-15 02:33:20'),
(722, 62, 1, 'tacho_reciclaje', 'papel_reciclable', 734, 34, '2025-10-15 02:33:20'),
(723, 62, 1, 'tacho_reciclaje', 'papel_reciclable', 1120, 2, '2025-10-15 02:33:21'),
(724, 62, 1, 'residuo_no_reciclable', 'papel_reciclable', 550, 255, '2025-10-15 02:33:21'),
(725, 62, 1, 'tacho_reciclaje', 'residuo_electronico', 1103, 164, '2025-10-15 02:33:21'),
(726, 62, 1, 'tacho_reciclaje', 'botella_vidrio', 1081, 569, '2025-10-15 02:33:21'),
(727, 62, 1, 'tacho_reciclaje', 'botella_vidrio', 211, 444, '2025-10-15 02:33:23'),
(728, 62, 1, 'tacho_reciclaje', 'residuo_electronico', 135, 436, '2025-10-15 02:33:25'),
(729, 62, 1, 'tacho_reciclaje', 'botella_vidrio', 1, 219, '2025-10-15 02:33:26'),
(730, 62, 1, 'tacho_reciclaje', 'residuo_electronico', 881, 641, '2025-10-15 02:33:27'),
(731, 62, 1, 'tacho_reciclaje', 'botella_vidrio', 1092, 424, '2025-10-15 02:33:28'),
(732, 62, 1, 'tacho_reciclaje', 'botella_plastico', 1017, 502, '2025-10-15 02:33:29'),
(733, 62, 1, 'residuo_no_reciclable', 'botella_vidrio', 766, 234, '2025-10-15 02:33:29'),
(734, 62, 1, 'tacho_reciclaje', 'papel_reciclable', 707, 574, '2025-10-15 02:33:30'),
(735, 62, 1, 'tacho_reciclaje', 'residuo_electronico', 879, 74, '2025-10-15 02:33:31'),
(736, 62, 1, 'tacho_reciclaje', 'papel_reciclable', 863, 191, '2025-10-15 02:33:32'),
(737, 62, 1, 'tacho_reciclaje', 'residuo_electronico', 34, 395, '2025-10-15 02:33:33'),
(738, 62, 1, 'tacho_reciclaje', 'botella_vidrio', 132, 391, '2025-10-15 02:33:34'),
(739, 62, 1, 'tacho_reciclaje', 'botella_vidrio', 172, 430, '2025-10-15 02:33:34'),
(740, 62, 1, 'residuo_no_reciclable', 'residuo_electronico', 42, 617, '2025-10-15 02:33:35'),
(741, 62, 1, 'residuo_no_reciclable', 'papel_reciclable', 458, 250, '2025-10-15 02:33:37'),
(742, 62, 1, 'tacho_reciclaje', 'residuo_electronico', 306, 582, '2025-10-15 02:33:38'),
(743, 62, 1, 'tacho_reciclaje', 'botella_vidrio', 432, 582, '2025-10-15 02:33:39'),
(744, 62, 1, 'tacho_reciclaje', 'residuo_electronico', 350, 342, '2025-10-15 02:33:40'),
(745, 62, 1, 'residuo_no_reciclable', 'residuo_electronico', 1039, 607, '2025-10-15 02:33:40'),
(746, 62, 1, 'tacho_reciclaje', 'botella_vidrio', 409, 9, '2025-10-15 02:33:41'),
(747, 62, 1, 'tacho_reciclaje', 'botella_plastico', 66, 161, '2025-10-15 02:33:42'),
(748, 62, 1, 'tacho_reciclaje', 'residuo_electronico', 294, 538, '2025-10-15 02:33:43'),
(749, 62, 1, 'tacho_reciclaje', 'papel_reciclable', 639, 545, '2025-10-15 02:33:43'),
(750, 62, 1, 'tacho_reciclaje', 'botella_vidrio', 624, 584, '2025-10-15 02:33:43'),
(751, 62, 1, 'residuo_no_reciclable', 'residuo_electronico', 1, 364, '2025-10-15 02:33:43'),
(752, 62, 1, 'residuo_no_reciclable', 'residuo_electronico', 270, 628, '2025-10-15 02:33:44'),
(753, 62, 1, 'residuo_no_reciclable', 'botella_plastico', 1153, 116, '2025-10-15 02:33:47'),
(754, 62, 1, 'tacho_reciclaje', 'residuo_electronico', 23, 323, '2025-10-15 02:33:47'),
(755, 62, 1, 'residuo_no_reciclable', 'botella_vidrio', 842, 651, '2025-10-15 02:33:48'),
(756, 62, 1, 'tacho_reciclaje', 'residuo_electronico', 658, 17, '2025-10-15 02:33:49'),
(757, 62, 1, 'residuo_no_reciclable', 'botella_vidrio', 718, 611, '2025-10-15 02:33:49'),
(758, 62, 1, 'tacho_reciclaje', 'residuo_electronico', 869, 8, '2025-10-15 02:33:49'),
(759, 62, 1, 'residuo_no_reciclable', 'papel_reciclable', 316, 118, '2025-10-15 02:33:50'),
(760, 62, 1, 'tacho_reciclaje', 'botella_vidrio', 909, 545, '2025-10-15 02:33:51'),
(761, 62, 1, 'tacho_reciclaje', 'botella_plastico', 541, 636, '2025-10-15 02:33:52'),
(762, 62, 1, 'tacho_reciclaje', 'papel_reciclable', 486, 30, '2025-10-15 02:33:52'),
(763, 62, 1, 'tacho_reciclaje', 'residuo_electronico', 371, 41, '2025-10-15 02:33:53'),
(764, 62, 1, 'tacho_reciclaje', 'papel_reciclable', 122, 33, '2025-10-15 02:33:53'),
(765, 62, 1, 'residuo_no_reciclable', 'botella_plastico', 839, 446, '2025-10-15 02:33:54'),
(766, 62, 1, 'tacho_reciclaje', 'residuo_electronico', 570, 156, '2025-10-15 02:33:55'),
(767, 62, 1, 'residuo_no_reciclable', 'residuo_electronico', 1124, 72, '2025-10-15 02:33:55'),
(768, 62, 1, 'tacho_reciclaje', 'botella_plastico', 789, 42, '2025-10-15 02:33:56'),
(769, 62, 1, 'tacho_reciclaje', 'residuo_electronico', 329, 31, '2025-10-15 02:33:56'),
(770, 62, 1, 'residuo_no_reciclable', 'residuo_electronico', 407, 555, '2025-10-15 02:33:58'),
(771, 62, 1, 'tacho_reciclaje', 'botella_vidrio', 1157, 302, '2025-10-15 02:33:58'),
(772, 62, 1, 'residuo_no_reciclable', 'botella_vidrio', 461, 588, '2025-10-15 02:33:58'),
(773, 62, 1, 'tacho_reciclaje', 'botella_vidrio', 921, 522, '2025-10-15 02:33:59'),
(774, 62, 1, 'tacho_reciclaje', 'botella_plastico', 913, 594, '2025-10-15 02:33:59'),
(775, 62, 1, 'tacho_reciclaje', 'residuo_electronico', 733, 468, '2025-10-15 02:34:01'),
(776, 62, 1, 'tacho_reciclaje', 'botella_vidrio', 701, 336, '2025-10-15 02:34:01'),
(777, 62, 1, 'residuo_no_reciclable', 'papel_reciclable', 499, 343, '2025-10-15 02:34:01'),
(778, 62, 1, 'tacho_reciclaje', 'residuo_electronico', 104, 72, '2025-10-15 02:34:03'),
(779, 62, 1, 'residuo_no_reciclable', 'papel_reciclable', 1132, 324, '2025-10-15 02:34:03'),
(780, 62, 1, 'residuo_no_reciclable', 'papel_reciclable', 83, 232, '2025-10-15 02:34:08'),
(781, 63, 1, 'residuo_no_reciclable', 'papel_reciclable', 128, 90, '2025-10-15 02:37:06'),
(782, 63, 1, 'residuo_no_reciclable', 'papel_reciclable', 140, 84, '2025-10-15 02:37:06'),
(783, 63, 1, 'tacho_reciclaje', 'residuo_electronico', 692, 503, '2025-10-15 02:37:06'),
(784, 63, 1, 'tacho_reciclaje', 'residuo_electronico', 914, 416, '2025-10-15 02:37:10'),
(785, 63, 1, 'tacho_reciclaje', 'botella_plastico', 757, 55, '2025-10-15 02:37:10'),
(786, 63, 1, 'tacho_reciclaje', 'papel_reciclable', 140, 84, '2025-10-15 02:37:11'),
(787, 63, 1, 'tacho_reciclaje', 'residuo_electronico', 1024, 418, '2025-10-15 02:37:13'),
(788, 63, 1, 'tacho_reciclaje', 'botella_plastico', 1098, 632, '2025-10-15 02:37:14'),
(789, 63, 1, 'tacho_reciclaje', 'papel_reciclable', 202, 463, '2025-10-15 02:37:15'),
(790, 63, 1, 'tacho_reciclaje', 'botella_plastico', 54, 389, '2025-10-15 02:37:18'),
(791, 63, 1, 'residuo_no_reciclable', 'botella_vidrio', 916, 4, '2025-10-15 02:37:19'),
(792, 63, 1, 'tacho_reciclaje', 'residuo_electronico', 707, 183, '2025-10-15 02:37:19'),
(793, 63, 1, 'tacho_reciclaje', 'botella_plastico', 217, 154, '2025-10-15 02:37:20'),
(794, 63, 1, 'residuo_no_reciclable', 'botella_vidrio', 538, 409, '2025-10-15 02:37:20'),
(795, 63, 1, 'residuo_no_reciclable', 'residuo_electronico', 83, 502, '2025-10-15 02:37:22'),
(796, 63, 1, 'tacho_reciclaje', 'residuo_electronico', 362, 529, '2025-10-15 02:37:22'),
(797, 63, 1, 'tacho_reciclaje', 'botella_vidrio', 85, 526, '2025-10-15 02:37:23'),
(798, 63, 1, 'tacho_reciclaje', 'botella_vidrio', 238, 366, '2025-10-15 02:37:24'),
(799, 63, 1, 'tacho_reciclaje', 'botella_plastico', 664, 522, '2025-10-15 02:37:25'),
(800, 63, 1, 'residuo_no_reciclable', 'papel_reciclable', 959, 671, '2025-10-15 02:37:25'),
(801, 63, 1, 'tacho_reciclaje', 'residuo_electronico', 693, 615, '2025-10-15 02:37:26'),
(802, 63, 1, 'tacho_reciclaje', 'residuo_electronico', 628, 72, '2025-10-15 02:37:27'),
(803, 63, 1, 'tacho_reciclaje', 'botella_plastico', 437, 120, '2025-10-15 02:37:28'),
(804, 63, 1, 'tacho_reciclaje', 'residuo_electronico', 141, 403, '2025-10-15 02:37:29'),
(805, 63, 1, 'tacho_reciclaje', 'papel_reciclable', 615, 20, '2025-10-15 02:37:30'),
(806, 63, 1, 'residuo_no_reciclable', 'residuo_electronico', 51, 530, '2025-10-15 02:37:30'),
(807, 63, 1, 'tacho_reciclaje', 'papel_reciclable', 1127, 224, '2025-10-15 02:37:31'),
(808, 63, 1, 'tacho_reciclaje', 'botella_plastico', 1165, 251, '2025-10-15 02:37:31'),
(809, 63, 1, 'tacho_reciclaje', 'botella_vidrio', 1224, 15, '2025-10-15 02:37:32'),
(810, 63, 1, 'tacho_reciclaje', 'residuo_electronico', 619, 591, '2025-10-15 02:37:34'),
(811, 63, 1, 'tacho_reciclaje', 'botella_plastico', 354, 594, '2025-10-15 02:37:34'),
(812, 63, 1, 'tacho_reciclaje', 'papel_reciclable', 282, 626, '2025-10-15 02:37:35'),
(813, 63, 1, 'tacho_reciclaje', 'botella_vidrio', 304, 158, '2025-10-15 02:37:36'),
(814, 63, 1, 'tacho_reciclaje', 'papel_reciclable', 132, 419, '2025-10-15 02:37:38'),
(815, 63, 1, 'tacho_reciclaje', 'botella_vidrio', 672, 554, '2025-10-15 02:37:39'),
(816, 63, 1, 'residuo_no_reciclable', 'papel_reciclable', 133, 285, '2025-10-15 02:37:39'),
(817, 63, 1, 'tacho_reciclaje', 'residuo_electronico', 1063, 516, '2025-10-15 02:37:40'),
(818, 63, 1, 'tacho_reciclaje', 'residuo_electronico', 958, 87, '2025-10-15 02:37:41'),
(819, 63, 1, 'tacho_reciclaje', 'residuo_electronico', 852, 108, '2025-10-15 02:37:41'),
(820, 63, 1, 'residuo_no_reciclable', 'residuo_electronico', 718, 291, '2025-10-15 02:37:41'),
(821, 63, 1, 'tacho_reciclaje', 'botella_plastico', 116, 59, '2025-10-15 02:37:42'),
(822, 63, 1, 'tacho_reciclaje', 'papel_reciclable', 8, 138, '2025-10-15 02:37:42'),
(823, 63, 1, 'residuo_no_reciclable', 'botella_vidrio', 897, 202, '2025-10-15 02:37:44'),
(824, 63, 1, 'residuo_no_reciclable', 'botella_vidrio', 628, 218, '2025-10-15 02:37:45'),
(825, 64, 1, 'residuo_no_reciclable', 'botella_vidrio', 930, 302, '2025-10-15 02:42:00'),
(826, 65, 1, 'residuo_no_reciclable', 'residuo_electronico', 1196, 247, '2025-10-15 03:08:37'),
(827, 65, 1, 'tacho_reciclaje', 'papel_reciclable', 797, 308, '2025-10-15 03:08:38'),
(828, 65, 1, 'tacho_reciclaje', 'residuo_electronico', 850, 446, '2025-10-15 03:08:39'),
(829, 65, 1, 'residuo_no_reciclable', 'residuo_electronico', 360, 553, '2025-10-15 03:08:39'),
(830, 65, 1, 'residuo_no_reciclable', 'papel_reciclable', 367, 543, '2025-10-15 03:08:39'),
(831, 65, 1, 'tacho_reciclaje', 'botella_vidrio', 44, 662, '2025-10-15 03:08:41'),
(832, 65, 1, 'tacho_reciclaje', 'papel_reciclable', 38, 551, '2025-10-15 03:08:42'),
(833, 65, 1, 'tacho_reciclaje', 'botella_plastico', 316, 207, '2025-10-15 03:08:43'),
(834, 65, 1, 'tacho_reciclaje', 'botella_plastico', 292, 163, '2025-10-15 03:08:43'),
(835, 65, 1, 'tacho_reciclaje', 'papel_reciclable', 396, 172, '2025-10-15 03:08:45'),
(836, 65, 1, 'tacho_reciclaje', 'botella_plastico', 802, 494, '2025-10-15 03:08:46'),
(837, 65, 1, 'tacho_reciclaje', 'papel_reciclable', 845, 546, '2025-10-15 03:08:47'),
(838, 65, 1, 'tacho_reciclaje', 'residuo_electronico', 876, 313, '2025-10-15 03:08:47'),
(839, 65, 1, 'tacho_reciclaje', 'residuo_electronico', 701, 654, '2025-10-15 03:08:51'),
(840, 65, 1, 'tacho_reciclaje', 'residuo_electronico', 575, 630, '2025-10-15 03:08:51'),
(841, 65, 1, 'tacho_reciclaje', 'botella_plastico', 48, 648, '2025-10-15 03:08:52'),
(842, 65, 1, 'tacho_reciclaje', 'residuo_electronico', 1199, 192, '2025-10-15 03:08:55'),
(843, 65, 1, 'tacho_reciclaje', 'papel_reciclable', 1085, 304, '2025-10-15 03:08:57'),
(844, 65, 1, 'tacho_reciclaje', 'papel_reciclable', 789, 204, '2025-10-15 03:08:59'),
(845, 65, 1, 'residuo_no_reciclable', 'botella_vidrio', 890, 30, '2025-10-15 03:09:00'),
(846, 65, 1, 'tacho_reciclaje', 'residuo_electronico', 220, 384, '2025-10-15 03:09:00'),
(847, 65, 1, 'tacho_reciclaje', 'botella_plastico', 616, 133, '2025-10-15 03:09:03'),
(848, 65, 1, 'tacho_reciclaje', 'papel_reciclable', 899, 428, '2025-10-15 03:09:04'),
(849, 65, 1, 'residuo_no_reciclable', 'papel_reciclable', 297, 57, '2025-10-15 03:09:04'),
(850, 65, 1, 'residuo_no_reciclable', 'papel_reciclable', 749, 469, '2025-10-15 03:09:05'),
(851, 65, 1, 'tacho_reciclaje', 'botella_vidrio', 1059, 611, '2025-10-15 03:09:06'),
(852, 66, 1, 'tacho_reciclaje', 'botella_vidrio', 291, 336, '2025-10-15 03:09:14'),
(853, 66, 1, 'tacho_reciclaje', 'residuo_electronico', 250, 102, '2025-10-15 03:09:14'),
(854, 66, 1, 'residuo_no_reciclable', 'residuo_electronico', 1061, 351, '2025-10-15 03:09:15'),
(855, 66, 1, 'tacho_reciclaje', 'botella_vidrio', 332, 419, '2025-10-15 03:09:16'),
(856, 66, 1, 'residuo_no_reciclable', 'botella_plastico', 931, 555, '2025-10-15 03:09:17'),
(857, 66, 1, 'tacho_reciclaje', 'residuo_electronico', 988, 507, '2025-10-15 03:09:17'),
(858, 66, 1, 'tacho_reciclaje', 'botella_vidrio', 1047, 436, '2025-10-15 03:09:17'),
(859, 66, 1, 'residuo_no_reciclable', 'botella_vidrio', 309, 127, '2025-10-15 03:09:19'),
(860, 66, 1, 'tacho_reciclaje', 'residuo_electronico', 592, 646, '2025-10-15 03:09:19'),
(861, 66, 1, 'tacho_reciclaje', 'residuo_electronico', 537, 658, '2025-10-15 03:09:19'),
(862, 66, 1, 'residuo_no_reciclable', 'botella_plastico', 795, 127, '2025-10-15 03:09:22'),
(863, 66, 1, 'tacho_reciclaje', 'residuo_electronico', 955, 213, '2025-10-15 03:09:23'),
(864, 66, 1, 'tacho_reciclaje', 'residuo_electronico', 357, 586, '2025-10-15 03:09:26'),
(865, 66, 1, 'tacho_reciclaje', 'botella_plastico', 194, 174, '2025-10-15 03:09:26'),
(866, 66, 1, 'tacho_reciclaje', 'botella_vidrio', 394, 97, '2025-10-15 03:09:27'),
(867, 66, 1, 'tacho_reciclaje', 'residuo_electronico', 840, 81, '2025-10-15 03:09:27'),
(868, 66, 1, 'tacho_reciclaje', 'residuo_electronico', 134, 21, '2025-10-15 03:09:32'),
(869, 66, 1, 'tacho_reciclaje', 'botella_plastico', 938, 31, '2025-10-15 03:09:33'),
(870, 66, 1, 'residuo_no_reciclable', 'residuo_electronico', 966, 315, '2025-10-15 03:09:33'),
(871, 66, 1, 'residuo_no_reciclable', 'papel_reciclable', 626, 534, '2025-10-15 03:09:34'),
(872, 66, 1, 'tacho_reciclaje', 'botella_vidrio', 811, 633, '2025-10-15 03:09:35'),
(873, 66, 1, 'tacho_reciclaje', 'botella_plastico', 532, 282, '2025-10-15 03:09:36'),
(874, 66, 1, 'tacho_reciclaje', 'botella_vidrio', 906, 508, '2025-10-15 03:09:37'),
(875, 66, 1, 'tacho_reciclaje', 'papel_reciclable', 1193, 75, '2025-10-15 03:09:38'),
(876, 66, 1, 'tacho_reciclaje', 'papel_reciclable', 27, 161, '2025-10-15 03:09:46'),
(877, 66, 1, 'tacho_reciclaje', 'botella_vidrio', 385, 467, '2025-10-15 03:09:46'),
(878, 66, 1, 'tacho_reciclaje', 'botella_plastico', 205, 429, '2025-10-15 03:09:47'),
(879, 66, 1, 'tacho_reciclaje', 'botella_vidrio', 1038, 347, '2025-10-15 03:09:49'),
(880, 66, 1, 'tacho_reciclaje', 'residuo_electronico', 1139, 570, '2025-10-15 03:09:50'),
(881, 66, 1, 'tacho_reciclaje', 'papel_reciclable', 670, 289, '2025-10-15 03:09:51'),
(882, 66, 1, 'tacho_reciclaje', 'residuo_electronico', 465, 257, '2025-10-15 03:09:51'),
(883, 66, 1, 'tacho_reciclaje', 'botella_plastico', 298, 176, '2025-10-15 03:09:52'),
(884, 66, 1, 'tacho_reciclaje', 'papel_reciclable', 190, 208, '2025-10-15 03:09:53'),
(885, 66, 1, 'residuo_no_reciclable', 'residuo_electronico', 755, 337, '2025-10-15 03:09:53'),
(886, 66, 1, 'tacho_reciclaje', 'botella_vidrio', 568, 8, '2025-10-15 03:09:54'),
(887, 66, 1, 'residuo_no_reciclable', 'residuo_electronico', 401, 581, '2025-10-15 03:09:54'),
(888, 66, 1, 'tacho_reciclaje', 'papel_reciclable', 1002, 410, '2025-10-15 03:09:56'),
(889, 66, 1, 'tacho_reciclaje', 'residuo_electronico', 1067, 574, '2025-10-15 03:09:56'),
(890, 66, 1, 'tacho_reciclaje', 'papel_reciclable', 855, 502, '2025-10-15 03:09:57'),
(891, 66, 1, 'tacho_reciclaje', 'residuo_electronico', 848, 122, '2025-10-15 03:09:58'),
(892, 66, 1, 'residuo_no_reciclable', 'residuo_electronico', 774, 206, '2025-10-15 03:10:01'),
(893, 66, 1, 'residuo_no_reciclable', 'papel_reciclable', 414, 406, '2025-10-15 03:10:02'),
(894, 66, 1, 'residuo_no_reciclable', 'botella_plastico', 242, 656, '2025-10-15 03:10:03'),
(895, 66, 1, 'residuo_no_reciclable', 'papel_reciclable', 439, 380, '2025-10-15 03:10:03'),
(896, 67, 1, 'tacho_reciclaje', 'botella_plastico', 6, 38, '2025-10-15 03:13:34'),
(897, 67, 1, 'residuo_no_reciclable', 'botella_plastico', 551, 568, '2025-10-15 03:13:34'),
(898, 67, 1, 'tacho_reciclaje', 'residuo_electronico', 258, 565, '2025-10-15 03:13:37'),
(899, 67, 1, 'tacho_reciclaje', 'botella_plastico', 349, 284, '2025-10-15 03:13:37'),
(900, 67, 1, 'tacho_reciclaje', 'botella_vidrio', 760, 303, '2025-10-15 03:13:38'),
(901, 67, 1, 'tacho_reciclaje', 'botella_vidrio', 1185, 239, '2025-10-15 03:13:38'),
(902, 67, 1, 'tacho_reciclaje', 'botella_vidrio', 1155, 480, '2025-10-15 03:13:39'),
(903, 67, 1, 'tacho_reciclaje', 'residuo_electronico', 1198, 416, '2025-10-15 03:13:41'),
(904, 67, 1, 'residuo_no_reciclable', 'botella_vidrio', 417, 312, '2025-10-15 03:13:42'),
(905, 67, 1, 'tacho_reciclaje', 'residuo_electronico', 646, 239, '2025-10-15 03:13:42'),
(906, 67, 1, 'tacho_reciclaje', 'residuo_electronico', 396, 541, '2025-10-15 03:13:43'),
(907, 67, 1, 'tacho_reciclaje', 'residuo_electronico', 461, 593, '2025-10-15 03:13:43'),
(908, 67, 1, 'tacho_reciclaje', 'residuo_electronico', 368, 574, '2025-10-15 03:13:44'),
(909, 67, 1, 'tacho_reciclaje', 'botella_vidrio', 378, 480, '2025-10-15 03:13:47'),
(910, 67, 1, 'tacho_reciclaje', 'botella_plastico', 499, 180, '2025-10-15 03:13:47'),
(911, 67, 1, 'residuo_no_reciclable', 'botella_vidrio', 340, 520, '2025-10-15 03:13:48'),
(912, 67, 1, 'tacho_reciclaje', 'botella_vidrio', 636, 102, '2025-10-15 03:13:48'),
(913, 67, 1, 'tacho_reciclaje', 'residuo_electronico', 592, 106, '2025-10-15 03:13:48'),
(914, 68, 1, 'residuo_no_reciclable', 'papel_reciclable', 96, 459, '2025-10-15 03:20:09'),
(915, 68, 1, 'tacho_reciclaje', 'botella_plastico', 14, 329, '2025-10-15 03:20:11'),
(916, 68, 1, 'tacho_reciclaje', 'botella_plastico', 319, 441, '2025-10-15 03:20:12'),
(917, 68, 1, 'tacho_reciclaje', 'papel_reciclable', 451, 561, '2025-10-15 03:20:12'),
(918, 68, 1, 'tacho_reciclaje', 'botella_plastico', 359, 232, '2025-10-15 03:20:13'),
(919, 68, 1, 'tacho_reciclaje', 'botella_vidrio', 583, 111, '2025-10-15 03:20:15'),
(920, 68, 1, 'residuo_no_reciclable', 'residuo_electronico', 733, 394, '2025-10-15 03:20:15'),
(921, 68, 1, 'residuo_no_reciclable', 'papel_reciclable', 583, 352, '2025-10-15 03:20:15'),
(922, 68, 1, 'tacho_reciclaje', 'botella_plastico', 187, 15, '2025-10-15 03:20:16'),
(923, 68, 1, 'tacho_reciclaje', 'botella_vidrio', 95, 305, '2025-10-15 03:20:17'),
(924, 68, 1, 'tacho_reciclaje', 'botella_plastico', 1002, 221, '2025-10-15 03:20:18'),
(925, 68, 1, 'residuo_no_reciclable', 'papel_reciclable', 247, 577, '2025-10-15 03:20:18'),
(926, 68, 1, 'tacho_reciclaje', 'botella_vidrio', 1026, 409, '2025-10-15 03:20:19'),
(927, 68, 1, 'residuo_no_reciclable', 'papel_reciclable', 1184, 157, '2025-10-15 03:20:21'),
(928, 68, 1, 'residuo_no_reciclable', 'residuo_electronico', 995, 435, '2025-10-15 03:20:22'),
(929, 68, 1, 'residuo_no_reciclable', 'botella_vidrio', 787, 524, '2025-10-15 03:20:23'),
(930, 68, 1, 'tacho_reciclaje', 'papel_reciclable', 395, 19, '2025-10-15 03:20:25'),
(931, 68, 1, 'tacho_reciclaje', 'residuo_electronico', 474, 582, '2025-10-15 03:20:27'),
(932, 68, 1, 'tacho_reciclaje', 'residuo_electronico', 537, 499, '2025-10-15 03:20:27'),
(933, 68, 1, 'tacho_reciclaje', 'papel_reciclable', 705, 566, '2025-10-15 03:20:27'),
(934, 68, 1, 'tacho_reciclaje', 'papel_reciclable', 164, 548, '2025-10-15 03:20:29'),
(935, 68, 1, 'tacho_reciclaje', 'residuo_electronico', 149, 597, '2025-10-15 03:20:29'),
(936, 68, 1, 'tacho_reciclaje', 'botella_vidrio', 304, 73, '2025-10-15 03:20:30'),
(937, 68, 1, 'residuo_no_reciclable', 'botella_vidrio', 801, 257, '2025-10-15 03:20:31'),
(938, 68, 1, 'tacho_reciclaje', 'botella_plastico', 508, 273, '2025-10-15 03:20:31');
INSERT INTO `registro_coordenadas` (`id_coordenada`, `id_partida`, `id_usuario`, `objeto_colisionador`, `objeto_colisionado`, `x`, `y`, `fecha_hora`) VALUES
(939, 68, 1, 'tacho_reciclaje', 'residuo_electronico', 1101, 331, '2025-10-15 03:20:32'),
(940, 68, 1, 'tacho_reciclaje', 'residuo_electronico', 1026, 166, '2025-10-15 03:20:34'),
(941, 68, 1, 'residuo_no_reciclable', 'botella_plastico', 148, 42, '2025-10-15 03:20:34'),
(942, 68, 1, 'tacho_reciclaje', 'papel_reciclable', 840, 28, '2025-10-15 03:20:36'),
(943, 68, 1, 'tacho_reciclaje', 'botella_vidrio', 764, 28, '2025-10-15 03:20:36'),
(944, 68, 1, 'tacho_reciclaje', 'botella_plastico', 735, 153, '2025-10-15 03:20:37'),
(945, 68, 1, 'tacho_reciclaje', 'botella_plastico', 745, 382, '2025-10-15 03:20:38'),
(946, 68, 1, 'tacho_reciclaje', 'residuo_electronico', 98, 575, '2025-10-15 03:20:39'),
(947, 68, 1, 'tacho_reciclaje', 'botella_vidrio', 34, 55, '2025-10-15 03:20:40'),
(948, 68, 1, 'tacho_reciclaje', 'residuo_electronico', 865, 115, '2025-10-15 03:20:41'),
(949, 68, 1, 'residuo_no_reciclable', 'botella_vidrio', 45, 534, '2025-10-15 03:20:41'),
(950, 68, 1, 'tacho_reciclaje', 'botella_plastico', 852, 528, '2025-10-15 03:20:41'),
(951, 68, 1, 'tacho_reciclaje', 'residuo_electronico', 741, 598, '2025-10-15 03:20:42'),
(952, 68, 1, 'tacho_reciclaje', 'papel_reciclable', 234, 551, '2025-10-15 03:20:43'),
(953, 68, 1, 'tacho_reciclaje', 'residuo_electronico', 98, 418, '2025-10-15 03:20:44'),
(954, 68, 1, 'tacho_reciclaje', 'papel_reciclable', 33, 264, '2025-10-15 03:20:44'),
(955, 68, 1, 'tacho_reciclaje', 'botella_plastico', 177, 41, '2025-10-15 03:20:45'),
(956, 68, 1, 'tacho_reciclaje', 'botella_vidrio', 889, 129, '2025-10-15 03:20:46'),
(957, 68, 1, 'residuo_no_reciclable', 'residuo_electronico', 1075, 474, '2025-10-15 03:20:46'),
(958, 68, 1, 'tacho_reciclaje', 'papel_reciclable', 575, 529, '2025-10-15 03:20:47'),
(959, 68, 1, 'residuo_no_reciclable', 'botella_vidrio', 274, 390, '2025-10-15 03:20:49'),
(960, 68, 1, 'residuo_no_reciclable', 'botella_plastico', 201, 443, '2025-10-15 03:20:49'),
(961, 68, 1, 'residuo_no_reciclable', 'botella_vidrio', 172, 593, '2025-10-15 03:20:49'),
(962, 68, 1, 'tacho_reciclaje', 'residuo_electronico', 1094, 49, '2025-10-15 03:20:49'),
(963, 68, 1, 'tacho_reciclaje', 'botella_vidrio', 818, 443, '2025-10-15 03:20:53'),
(964, 68, 1, 'residuo_no_reciclable', 'botella_plastico', 822, 238, '2025-10-15 03:20:53'),
(965, 68, 1, 'tacho_reciclaje', 'papel_reciclable', 183, 615, '2025-10-15 03:20:54'),
(966, 68, 1, 'tacho_reciclaje', 'botella_vidrio', 174, 291, '2025-10-15 03:20:54'),
(967, 68, 1, 'tacho_reciclaje', 'botella_plastico', 321, 130, '2025-10-15 03:20:55'),
(968, 68, 1, 'tacho_reciclaje', 'botella_vidrio', 74, 268, '2025-10-15 03:20:56'),
(969, 68, 1, 'tacho_reciclaje', 'papel_reciclable', 956, 346, '2025-10-15 03:20:57'),
(970, 68, 1, 'tacho_reciclaje', 'botella_vidrio', 1015, 383, '2025-10-15 03:20:58'),
(971, 68, 1, 'tacho_reciclaje', 'residuo_electronico', 1146, 120, '2025-10-15 03:20:59'),
(972, 68, 1, 'tacho_reciclaje', 'botella_plastico', 1206, 193, '2025-10-15 03:20:59'),
(973, 68, 1, 'residuo_no_reciclable', 'botella_vidrio', 402, 474, '2025-10-15 03:20:59'),
(974, 68, 1, 'tacho_reciclaje', 'papel_reciclable', 697, 24, '2025-10-15 03:21:00'),
(975, 68, 1, 'tacho_reciclaje', 'botella_plastico', 75, 229, '2025-10-15 03:21:00'),
(976, 68, 1, 'tacho_reciclaje', 'residuo_electronico', 352, 232, '2025-10-15 03:21:01'),
(977, 68, 1, 'residuo_no_reciclable', 'botella_vidrio', 1010, 81, '2025-10-15 03:21:01'),
(978, 68, 1, 'tacho_reciclaje', 'botella_vidrio', 126, 50, '2025-10-15 03:21:02'),
(979, 68, 1, 'tacho_reciclaje', 'botella_plastico', 180, 61, '2025-10-15 03:21:02'),
(980, 68, 1, 'residuo_no_reciclable', 'papel_reciclable', 1081, 518, '2025-10-15 03:21:02'),
(981, 68, 1, 'tacho_reciclaje', 'residuo_electronico', 54, 138, '2025-10-15 03:21:03'),
(982, 68, 1, 'tacho_reciclaje', 'residuo_electronico', 1052, 189, '2025-10-15 03:21:05'),
(983, 68, 1, 'residuo_no_reciclable', 'botella_plastico', 127, 388, '2025-10-15 03:21:06'),
(984, 68, 1, 'tacho_reciclaje', 'botella_vidrio', 315, 258, '2025-10-15 03:21:07'),
(985, 68, 1, 'tacho_reciclaje', 'residuo_electronico', 312, 279, '2025-10-15 03:21:07'),
(986, 68, 1, 'residuo_no_reciclable', 'residuo_electronico', 238, 455, '2025-10-15 03:21:07'),
(987, 68, 1, 'tacho_reciclaje', 'papel_reciclable', 467, 43, '2025-10-15 03:21:08'),
(988, 68, 1, 'tacho_reciclaje', 'residuo_electronico', 563, 233, '2025-10-15 03:21:08'),
(989, 68, 1, 'tacho_reciclaje', 'residuo_electronico', 634, 165, '2025-10-15 03:21:08'),
(990, 68, 1, 'tacho_reciclaje', 'botella_vidrio', 650, 171, '2025-10-15 03:21:09'),
(991, 69, 1, 'residuo_no_reciclable', 'papel_reciclable', 456, 606, '2025-10-15 03:26:44'),
(992, 69, 1, 'tacho_reciclaje', 'botella_vidrio', 198, 356, '2025-10-15 03:26:44'),
(993, 69, 1, 'tacho_reciclaje', 'residuo_electronico', 89, 577, '2025-10-15 03:26:45'),
(994, 69, 1, 'tacho_reciclaje', 'botella_vidrio', 777, 440, '2025-10-15 03:26:46'),
(995, 69, 1, 'tacho_reciclaje', 'botella_vidrio', 893, 592, '2025-10-15 03:26:46'),
(996, 69, 1, 'tacho_reciclaje', 'botella_vidrio', 264, 561, '2025-10-15 03:26:47'),
(997, 69, 1, 'tacho_reciclaje', 'botella_vidrio', 748, 358, '2025-10-15 03:26:48'),
(998, 69, 1, 'tacho_reciclaje', 'papel_reciclable', 829, 370, '2025-10-15 03:26:48'),
(999, 69, 1, 'residuo_no_reciclable', 'botella_plastico', 496, 299, '2025-10-15 03:26:49'),
(1000, 69, 1, 'tacho_reciclaje', 'papel_reciclable', 1103, 506, '2025-10-15 03:26:49'),
(1001, 69, 1, 'tacho_reciclaje', 'residuo_electronico', 1150, 451, '2025-10-15 03:26:49'),
(1002, 69, 1, 'tacho_reciclaje', 'botella_plastico', 967, 347, '2025-10-15 03:26:50'),
(1003, 69, 1, 'tacho_reciclaje', 'botella_plastico', 763, 127, '2025-10-15 03:26:51'),
(1004, 69, 1, 'residuo_no_reciclable', 'botella_vidrio', 399, 500, '2025-10-15 03:26:52'),
(1005, 69, 1, 'tacho_reciclaje', 'papel_reciclable', 847, 606, '2025-10-15 03:26:54'),
(1006, 69, 1, 'tacho_reciclaje', 'residuo_electronico', 1185, 548, '2025-10-15 03:26:54'),
(1007, 69, 1, 'tacho_reciclaje', 'residuo_electronico', 993, 112, '2025-10-15 03:26:56'),
(1008, 69, 1, 'residuo_no_reciclable', 'residuo_electronico', 811, 487, '2025-10-15 03:26:56'),
(1009, 69, 1, 'tacho_reciclaje', 'botella_plastico', 995, 456, '2025-10-15 03:26:58'),
(1010, 69, 1, 'tacho_reciclaje', 'botella_vidrio', 1155, 316, '2025-10-15 03:26:59'),
(1011, 69, 1, 'residuo_no_reciclable', 'botella_plastico', 469, 381, '2025-10-15 03:27:00'),
(1012, 69, 1, 'tacho_reciclaje', 'papel_reciclable', 60, 555, '2025-10-15 03:27:03'),
(1013, 69, 1, 'tacho_reciclaje', 'botella_plastico', 620, 135, '2025-10-15 03:27:04'),
(1014, 69, 1, 'residuo_no_reciclable', 'botella_vidrio', 636, 430, '2025-10-15 03:27:04'),
(1015, 69, 1, 'tacho_reciclaje', 'residuo_electronico', 385, 172, '2025-10-15 03:27:06'),
(1016, 69, 1, 'tacho_reciclaje', 'residuo_electronico', 365, 483, '2025-10-15 03:27:06'),
(1017, 69, 1, 'residuo_no_reciclable', 'papel_reciclable', 844, 561, '2025-10-15 03:27:09'),
(1018, 70, 1, 'tacho_reciclaje', 'botella_vidrio', 350, 277, '2025-10-15 03:37:02'),
(1019, 70, 1, 'residuo_no_reciclable', 'botella_vidrio', 431, 126, '2025-10-15 03:37:02'),
(1020, 70, 1, 'tacho_reciclaje', 'papel_reciclable', 260, 260, '2025-10-15 03:37:02'),
(1021, 70, 1, 'tacho_reciclaje', 'botella_plastico', 106, 374, '2025-10-15 03:37:03'),
(1022, 70, 1, 'residuo_no_reciclable', 'botella_vidrio', 983, 267, '2025-10-15 03:37:05'),
(1023, 70, 1, 'tacho_reciclaje', 'residuo_electronico', 579, 486, '2025-10-15 03:37:05'),
(1024, 70, 1, 'tacho_reciclaje', 'botella_plastico', 339, 446, '2025-10-15 03:37:06'),
(1025, 70, 1, 'tacho_reciclaje', 'residuo_electronico', 749, 579, '2025-10-15 03:37:07'),
(1026, 70, 1, 'tacho_reciclaje', 'papel_reciclable', 976, 498, '2025-10-15 03:37:10'),
(1027, 70, 1, 'tacho_reciclaje', 'papel_reciclable', 689, 587, '2025-10-15 03:37:11'),
(1028, 70, 1, 'residuo_no_reciclable', 'botella_plastico', 765, 216, '2025-10-15 03:37:11'),
(1029, 70, 1, 'residuo_no_reciclable', 'botella_plastico', 854, 240, '2025-10-15 03:37:11'),
(1030, 70, 1, 'tacho_reciclaje', 'botella_plastico', 253, 352, '2025-10-15 03:37:12'),
(1031, 70, 1, 'tacho_reciclaje', 'botella_vidrio', 32, 374, '2025-10-15 03:37:13'),
(1032, 70, 1, 'tacho_reciclaje', 'papel_reciclable', 298, 592, '2025-10-15 03:37:14'),
(1033, 70, 1, 'tacho_reciclaje', 'botella_plastico', 202, 208, '2025-10-15 03:37:14'),
(1034, 70, 1, 'tacho_reciclaje', 'botella_vidrio', 56, 248, '2025-10-15 03:37:15'),
(1035, 70, 1, 'tacho_reciclaje', 'botella_vidrio', 841, 535, '2025-10-15 03:37:16'),
(1036, 70, 1, 'tacho_reciclaje', 'botella_vidrio', 852, 444, '2025-10-15 03:37:17'),
(1037, 70, 1, 'residuo_no_reciclable', 'botella_vidrio', 531, 273, '2025-10-15 03:37:18'),
(1038, 70, 1, 'residuo_no_reciclable', 'papel_reciclable', 934, 198, '2025-10-15 03:37:20'),
(1039, 70, 1, 'tacho_reciclaje', 'botella_plastico', 65, 408, '2025-10-15 03:37:20'),
(1040, 70, 1, 'residuo_no_reciclable', 'residuo_electronico', 1063, 235, '2025-10-15 03:37:20'),
(1041, 70, 1, 'tacho_reciclaje', 'botella_vidrio', 398, 109, '2025-10-15 03:37:21'),
(1042, 70, 1, 'tacho_reciclaje', 'residuo_electronico', 572, 307, '2025-10-15 03:37:22'),
(1043, 70, 1, 'tacho_reciclaje', 'botella_vidrio', 587, 199, '2025-10-15 03:37:22'),
(1044, 70, 1, 'tacho_reciclaje', 'botella_vidrio', 383, 350, '2025-10-15 03:37:23'),
(1045, 70, 1, 'tacho_reciclaje', 'botella_plastico', 327, 496, '2025-10-15 03:37:24'),
(1046, 70, 1, 'residuo_no_reciclable', 'botella_plastico', 84, 274, '2025-10-15 03:37:24'),
(1047, 70, 1, 'tacho_reciclaje', 'botella_vidrio', 728, 392, '2025-10-15 03:37:25'),
(1048, 75, 1, 'tacho_reciclaje', 'residuo_electronico', 460, 616, '2025-10-15 04:02:54'),
(1049, 75, 1, 'residuo_no_reciclable', 'residuo_electronico', 564, 126, '2025-10-15 04:02:55'),
(1050, 75, 1, 'tacho_reciclaje', 'botella_vidrio', 88, 409, '2025-10-15 04:02:55'),
(1051, 75, 1, 'residuo_no_reciclable', 'papel_reciclable', 198, 468, '2025-10-15 04:02:57'),
(1052, 75, 1, 'tacho_reciclaje', 'residuo_electronico', 790, 463, '2025-10-15 04:02:57'),
(1053, 75, 1, 'residuo_no_reciclable', 'residuo_electronico', 443, 523, '2025-10-15 04:02:58'),
(1054, 75, 1, 'tacho_reciclaje', 'botella_vidrio', 1206, 116, '2025-10-15 04:02:59'),
(1055, 75, 1, 'residuo_no_reciclable', 'botella_vidrio', 1185, 100, '2025-10-15 04:03:00'),
(1056, 75, 1, 'tacho_reciclaje', 'botella_vidrio', 760, 356, '2025-10-15 04:03:00'),
(1057, 75, 1, 'tacho_reciclaje', 'botella_plastico', 201, 345, '2025-10-15 04:03:03'),
(1058, 75, 1, 'tacho_reciclaje', 'residuo_electronico', 238, 366, '2025-10-15 04:03:03'),
(1059, 75, 1, 'residuo_no_reciclable', 'residuo_electronico', 447, 229, '2025-10-15 04:03:03'),
(1060, 75, 1, 'residuo_no_reciclable', 'residuo_electronico', 281, 151, '2025-10-15 04:03:04'),
(1061, 75, 1, 'tacho_reciclaje', 'papel_reciclable', 700, 451, '2025-10-15 04:03:04'),
(1062, 75, 1, 'tacho_reciclaje', 'botella_vidrio', 864, 412, '2025-10-15 04:03:05'),
(1063, 75, 1, 'tacho_reciclaje', 'papel_reciclable', 788, 245, '2025-10-15 04:03:07'),
(1064, 75, 1, 'tacho_reciclaje', 'botella_plastico', 943, 236, '2025-10-15 04:03:07'),
(1065, 75, 1, 'tacho_reciclaje', 'residuo_electronico', 1088, 184, '2025-10-15 04:03:08'),
(1066, 75, 1, 'tacho_reciclaje', 'papel_reciclable', 1020, 424, '2025-10-15 04:03:09'),
(1067, 75, 1, 'tacho_reciclaje', 'botella_vidrio', 986, 549, '2025-10-15 04:03:09'),
(1068, 75, 1, 'tacho_reciclaje', 'botella_vidrio', 943, 592, '2025-10-15 04:03:09'),
(1069, 75, 1, 'tacho_reciclaje', 'residuo_electronico', 518, 551, '2025-10-15 04:03:10'),
(1070, 75, 1, 'tacho_reciclaje', 'papel_reciclable', 702, 219, '2025-10-15 04:03:11'),
(1071, 75, 1, 'tacho_reciclaje', 'residuo_electronico', 1067, 494, '2025-10-15 04:03:12'),
(1072, 75, 1, 'tacho_reciclaje', 'residuo_electronico', 209, 526, '2025-10-15 04:03:13'),
(1073, 75, 1, 'residuo_no_reciclable', 'botella_vidrio', 278, 197, '2025-10-15 04:03:14'),
(1074, 75, 1, 'residuo_no_reciclable', 'residuo_electronico', 474, 280, '2025-10-15 04:03:14'),
(1075, 75, 1, 'tacho_reciclaje', 'botella_plastico', 558, 110, '2025-10-15 04:03:17'),
(1076, 75, 1, 'residuo_no_reciclable', 'residuo_electronico', 1052, 104, '2025-10-15 04:03:17'),
(1077, 75, 1, 'tacho_reciclaje', 'residuo_electronico', 682, 447, '2025-10-15 04:03:18'),
(1078, 75, 1, 'tacho_reciclaje', 'botella_vidrio', 834, 436, '2025-10-15 04:03:18'),
(1079, 75, 1, 'tacho_reciclaje', 'botella_plastico', 762, 550, '2025-10-15 04:03:21'),
(1080, 75, 1, 'residuo_no_reciclable', 'botella_plastico', 314, 114, '2025-10-15 04:03:22'),
(1081, 75, 1, 'tacho_reciclaje', 'papel_reciclable', 737, 141, '2025-10-15 04:03:25'),
(1082, 75, 1, 'residuo_no_reciclable', 'residuo_electronico', 288, 280, '2025-10-15 04:03:30'),
(1083, 76, 1, 'residuo_no_reciclable', 'botella_vidrio', 571, 159, '2025-10-15 04:04:19'),
(1084, 76, 1, 'tacho_reciclaje', 'botella_vidrio', 443, 446, '2025-10-15 04:04:21'),
(1085, 76, 1, 'tacho_reciclaje', 'botella_plastico', 488, 319, '2025-10-15 04:04:21'),
(1086, 76, 1, 'tacho_reciclaje', 'botella_vidrio', 645, 282, '2025-10-15 04:04:22'),
(1087, 76, 1, 'residuo_no_reciclable', 'botella_vidrio', 1092, 407, '2025-10-15 04:04:22'),
(1088, 76, 1, 'tacho_reciclaje', 'residuo_electronico', 598, 42, '2025-10-15 04:04:22'),
(1089, 76, 1, 'residuo_no_reciclable', 'botella_plastico', 494, 242, '2025-10-15 04:04:24'),
(1090, 76, 1, 'tacho_reciclaje', 'botella_vidrio', 254, 259, '2025-10-15 04:04:24'),
(1091, 76, 1, 'tacho_reciclaje', 'residuo_electronico', 1053, 246, '2025-10-15 04:04:25'),
(1092, 76, 1, 'tacho_reciclaje', 'botella_plastico', 384, 477, '2025-10-15 04:04:28'),
(1093, 76, 1, 'tacho_reciclaje', 'residuo_electronico', 140, 185, '2025-10-15 04:04:30'),
(1094, 76, 1, 'residuo_no_reciclable', 'botella_plastico', 881, 462, '2025-10-15 04:04:30'),
(1095, 76, 1, 'tacho_reciclaje', 'papel_reciclable', 35, 419, '2025-10-15 04:04:31'),
(1096, 76, 1, 'tacho_reciclaje', 'botella_vidrio', 8, 271, '2025-10-15 04:04:31'),
(1097, 76, 1, 'tacho_reciclaje', 'papel_reciclable', 8, 253, '2025-10-15 04:04:31'),
(1098, 76, 1, 'tacho_reciclaje', 'papel_reciclable', 230, 586, '2025-10-15 04:04:32'),
(1099, 76, 1, 'tacho_reciclaje', 'residuo_electronico', 479, 581, '2025-10-15 04:04:32'),
(1100, 76, 1, 'residuo_no_reciclable', 'residuo_electronico', 266, 584, '2025-10-15 04:04:34'),
(1101, 76, 1, 'tacho_reciclaje', 'papel_reciclable', 503, 477, '2025-10-15 04:04:34'),
(1102, 76, 1, 'tacho_reciclaje', 'botella_vidrio', 964, 569, '2025-10-15 04:04:35'),
(1103, 76, 1, 'tacho_reciclaje', 'botella_plastico', 1222, 318, '2025-10-15 04:04:36'),
(1104, 76, 1, 'residuo_no_reciclable', 'papel_reciclable', 422, 217, '2025-10-15 04:04:40'),
(1105, 76, 1, 'tacho_reciclaje', 'residuo_electronico', 37, 518, '2025-10-15 04:04:40'),
(1106, 76, 1, 'residuo_no_reciclable', 'botella_plastico', 174, 153, '2025-10-15 04:04:41'),
(1107, 76, 1, 'tacho_reciclaje', 'residuo_electronico', 600, 361, '2025-10-15 04:04:42'),
(1108, 76, 1, 'tacho_reciclaje', 'residuo_electronico', 486, 224, '2025-10-15 04:04:43'),
(1109, 76, 1, 'tacho_reciclaje', 'botella_plastico', 278, 118, '2025-10-15 04:04:44'),
(1110, 76, 1, 'tacho_reciclaje', 'botella_plastico', 289, 260, '2025-10-15 04:04:45'),
(1111, 76, 1, 'tacho_reciclaje', 'botella_plastico', 444, 247, '2025-10-15 04:04:46'),
(1112, 76, 1, 'tacho_reciclaje', 'botella_plastico', 554, 136, '2025-10-15 04:04:46'),
(1113, 76, 1, 'residuo_no_reciclable', 'botella_vidrio', 970, 438, '2025-10-15 04:04:46'),
(1114, 76, 1, 'tacho_reciclaje', 'residuo_electronico', 1024, 519, '2025-10-15 04:04:48'),
(1115, 76, 1, 'residuo_no_reciclable', 'papel_reciclable', 356, 388, '2025-10-15 04:04:48'),
(1116, 76, 1, 'residuo_no_reciclable', 'residuo_electronico', 325, 309, '2025-10-15 04:04:48'),
(1117, 76, 1, 'tacho_reciclaje', 'botella_plastico', 729, 533, '2025-10-15 04:04:50'),
(1118, 76, 1, 'tacho_reciclaje', 'papel_reciclable', 797, 405, '2025-10-15 04:04:50'),
(1119, 76, 1, 'tacho_reciclaje', 'botella_plastico', 1049, 339, '2025-10-15 04:04:51'),
(1120, 76, 1, 'residuo_no_reciclable', 'residuo_electronico', 827, 449, '2025-10-15 04:04:52'),
(1121, 76, 1, 'tacho_reciclaje', 'botella_plastico', 488, 138, '2025-10-15 04:04:53'),
(1122, 76, 1, 'residuo_no_reciclable', 'botella_plastico', 994, 264, '2025-10-15 04:04:53'),
(1123, 76, 1, 'tacho_reciclaje', 'botella_vidrio', 224, 369, '2025-10-15 04:04:54'),
(1124, 76, 1, 'tacho_reciclaje', 'residuo_electronico', 104, 272, '2025-10-15 04:04:54'),
(1125, 76, 1, 'tacho_reciclaje', 'papel_reciclable', 86, 421, '2025-10-15 04:04:55'),
(1126, 76, 1, 'tacho_reciclaje', 'papel_reciclable', 318, 390, '2025-10-15 04:04:55'),
(1127, 76, 1, 'tacho_reciclaje', 'botella_vidrio', 29, 202, '2025-10-15 04:04:57'),
(1128, 76, 1, 'tacho_reciclaje', 'residuo_electronico', 817, 513, '2025-10-15 04:04:58'),
(1129, 76, 1, 'tacho_reciclaje', 'papel_reciclable', 39, 557, '2025-10-15 04:04:59'),
(1130, 76, 1, 'residuo_no_reciclable', 'botella_plastico', 1147, 506, '2025-10-15 04:05:01'),
(1131, 77, 1, 'residuo_no_reciclable', 'botella_vidrio', 798, 84, '2025-10-15 04:11:35'),
(1132, 77, 1, 'tacho_reciclaje', 'botella_plastico', 45, 403, '2025-10-15 04:11:35'),
(1133, 77, 1, 'tacho_reciclaje', 'papel_reciclable', 327, 386, '2025-10-15 04:11:35'),
(1134, 77, 1, 'tacho_reciclaje', 'residuo_electronico', 332, 364, '2025-10-15 04:11:35'),
(1135, 77, 1, 'tacho_reciclaje', 'residuo_electronico', 1148, 123, '2025-10-15 04:11:39'),
(1136, 77, 1, 'tacho_reciclaje', 'residuo_electronico', 1132, 271, '2025-10-15 04:11:39'),
(1137, 77, 1, 'residuo_no_reciclable', 'botella_plastico', 599, 173, '2025-10-15 04:11:39'),
(1138, 77, 1, 'tacho_reciclaje', 'papel_reciclable', 467, 551, '2025-10-15 04:11:40'),
(1139, 77, 1, 'tacho_reciclaje', 'residuo_electronico', 343, 139, '2025-10-15 04:11:41'),
(1140, 77, 1, 'tacho_reciclaje', 'papel_reciclable', 785, 116, '2025-10-15 04:11:42'),
(1141, 77, 1, 'residuo_no_reciclable', 'papel_reciclable', 632, 273, '2025-10-15 04:11:43'),
(1142, 77, 1, 'tacho_reciclaje', 'residuo_electronico', 748, 213, '2025-10-15 04:11:45'),
(1143, 77, 1, 'tacho_reciclaje', 'botella_vidrio', 999, 207, '2025-10-15 04:11:46'),
(1144, 77, 1, 'residuo_no_reciclable', 'papel_reciclable', 490, 478, '2025-10-15 04:11:47'),
(1145, 77, 1, 'tacho_reciclaje', 'papel_reciclable', 33, 265, '2025-10-15 04:11:47'),
(1146, 77, 1, 'tacho_reciclaje', 'botella_vidrio', 85, 266, '2025-10-15 04:11:47'),
(1147, 77, 1, 'residuo_no_reciclable', 'residuo_electronico', 646, 312, '2025-10-15 04:11:47'),
(1148, 77, 1, 'tacho_reciclaje', 'botella_vidrio', 312, 272, '2025-10-15 04:11:48'),
(1149, 77, 1, 'tacho_reciclaje', 'papel_reciclable', 423, 612, '2025-10-15 04:11:49'),
(1150, 77, 1, 'residuo_no_reciclable', 'botella_plastico', 1021, 171, '2025-10-15 04:11:49'),
(1151, 77, 1, 'residuo_no_reciclable', 'residuo_electronico', 1086, 484, '2025-10-15 04:11:50'),
(1152, 77, 1, 'tacho_reciclaje', 'botella_vidrio', 1088, 317, '2025-10-15 04:11:51'),
(1153, 77, 1, 'tacho_reciclaje', 'papel_reciclable', 864, 497, '2025-10-15 04:11:53'),
(1154, 77, 1, 'tacho_reciclaje', 'residuo_electronico', 850, 472, '2025-10-15 04:11:53'),
(1155, 77, 1, 'tacho_reciclaje', 'botella_vidrio', 768, 204, '2025-10-15 04:11:55'),
(1156, 77, 1, 'tacho_reciclaje', 'botella_plastico', 388, 298, '2025-10-15 04:11:56'),
(1157, 77, 1, 'residuo_no_reciclable', 'residuo_electronico', 723, 358, '2025-10-15 04:11:56'),
(1158, 77, 1, 'tacho_reciclaje', 'botella_vidrio', 571, 371, '2025-10-15 04:11:56'),
(1159, 77, 1, 'residuo_no_reciclable', 'botella_vidrio', 486, 362, '2025-10-15 04:11:59'),
(1160, 77, 1, 'tacho_reciclaje', 'botella_vidrio', 854, 556, '2025-10-15 04:12:00'),
(1161, 77, 1, 'tacho_reciclaje', 'residuo_electronico', 1019, 560, '2025-10-15 04:12:01'),
(1162, 77, 1, 'tacho_reciclaje', 'botella_plastico', 1070, 368, '2025-10-15 04:12:01'),
(1163, 77, 1, 'tacho_reciclaje', 'residuo_electronico', 1190, 147, '2025-10-15 04:12:02'),
(1164, 77, 1, 'tacho_reciclaje', 'residuo_electronico', 1203, 299, '2025-10-15 04:12:02'),
(1165, 77, 1, 'tacho_reciclaje', 'botella_vidrio', 421, 332, '2025-10-15 04:12:03'),
(1166, 77, 1, 'residuo_no_reciclable', 'residuo_electronico', 993, 549, '2025-10-15 04:12:04'),
(1167, 77, 1, 'tacho_reciclaje', 'botella_plastico', 505, 180, '2025-10-15 04:12:04'),
(1168, 77, 1, 'residuo_no_reciclable', 'botella_vidrio', 952, 277, '2025-10-15 04:12:06'),
(1169, 77, 1, 'tacho_reciclaje', 'residuo_electronico', 314, 485, '2025-10-15 04:12:06'),
(1170, 77, 1, 'tacho_reciclaje', 'residuo_electronico', 813, 570, '2025-10-15 04:12:07'),
(1171, 77, 1, 'tacho_reciclaje', 'residuo_electronico', 900, 270, '2025-10-15 04:12:09'),
(1172, 78, 1, 'tacho_reciclaje', 'botella_vidrio', 255, 184, '2025-10-15 04:16:51'),
(1173, 78, 1, 'tacho_reciclaje', 'botella_vidrio', 620, 487, '2025-10-15 04:16:53'),
(1174, 78, 1, 'residuo_no_reciclable', 'papel_reciclable', 579, 221, '2025-10-15 04:16:54'),
(1175, 78, 1, 'tacho_reciclaje', 'residuo_electronico', 1103, 594, '2025-10-15 04:16:54'),
(1176, 78, 1, 'tacho_reciclaje', 'botella_vidrio', 799, 351, '2025-10-15 04:16:57'),
(1177, 78, 1, 'tacho_reciclaje', 'botella_plastico', 1091, 347, '2025-10-15 04:16:57'),
(1178, 78, 1, 'tacho_reciclaje', 'residuo_electronico', 1190, 192, '2025-10-15 04:16:58'),
(1179, 78, 1, 'residuo_no_reciclable', 'botella_vidrio', 270, 572, '2025-10-15 04:16:59'),
(1180, 78, 1, 'tacho_reciclaje', 'residuo_electronico', 707, 167, '2025-10-15 04:16:59'),
(1181, 78, 1, 'residuo_no_reciclable', 'botella_plastico', 22, 443, '2025-10-15 04:17:00'),
(1182, 78, 1, 'residuo_no_reciclable', 'papel_reciclable', 204, 211, '2025-10-15 04:17:01'),
(1183, 78, 1, 'residuo_no_reciclable', 'residuo_electronico', 594, 161, '2025-10-15 04:17:02'),
(1184, 78, 1, 'tacho_reciclaje', 'botella_plastico', 460, 357, '2025-10-15 04:17:02'),
(1185, 78, 1, 'residuo_no_reciclable', 'botella_plastico', 1039, 527, '2025-10-15 04:17:03'),
(1186, 78, 1, 'residuo_no_reciclable', 'botella_vidrio', 935, 232, '2025-10-15 04:17:05'),
(1187, 78, 1, 'tacho_reciclaje', 'residuo_electronico', 76, 380, '2025-10-15 04:17:05'),
(1188, 78, 1, 'tacho_reciclaje', 'residuo_electronico', 222, 345, '2025-10-15 04:17:06'),
(1189, 78, 1, 'tacho_reciclaje', 'residuo_electronico', 182, 209, '2025-10-15 04:17:07'),
(1190, 78, 1, 'residuo_no_reciclable', 'botella_plastico', 159, 557, '2025-10-15 04:17:08'),
(1191, 78, 1, 'tacho_reciclaje', 'residuo_electronico', 609, 260, '2025-10-15 04:17:08'),
(1192, 78, 1, 'residuo_no_reciclable', 'botella_plastico', 52, 620, '2025-10-15 04:17:08'),
(1193, 78, 1, 'tacho_reciclaje', 'residuo_electronico', 583, 383, '2025-10-15 04:17:08'),
(1194, 78, 1, 'tacho_reciclaje', 'botella_vidrio', 644, 510, '2025-10-15 04:17:08'),
(1195, 78, 1, 'residuo_no_reciclable', 'botella_plastico', 1001, 252, '2025-10-15 04:17:11'),
(1196, 78, 1, 'tacho_reciclaje', 'papel_reciclable', 1159, 124, '2025-10-15 04:17:13'),
(1197, 78, 1, 'tacho_reciclaje', 'botella_vidrio', 756, 602, '2025-10-15 04:17:15'),
(1198, 78, 1, 'tacho_reciclaje', 'papel_reciclable', 502, 459, '2025-10-15 04:17:16'),
(1199, 78, 1, 'tacho_reciclaje', 'residuo_electronico', 513, 373, '2025-10-15 04:17:16'),
(1200, 78, 1, 'tacho_reciclaje', 'botella_plastico', 618, 376, '2025-10-15 04:17:17'),
(1201, 78, 1, 'tacho_reciclaje', 'botella_vidrio', 484, 411, '2025-10-15 04:17:17'),
(1202, 78, 1, 'tacho_reciclaje', 'papel_reciclable', 1059, 495, '2025-10-15 04:17:19'),
(1203, 78, 1, 'residuo_no_reciclable', 'residuo_electronico', 1182, 386, '2025-10-15 04:17:20'),
(1204, 78, 1, 'tacho_reciclaje', 'botella_plastico', 315, 309, '2025-10-15 04:17:20'),
(1205, 78, 1, 'tacho_reciclaje', 'botella_vidrio', 63, 160, '2025-10-15 04:17:21'),
(1206, 78, 1, 'residuo_no_reciclable', 'botella_vidrio', 472, 330, '2025-10-15 04:17:23'),
(1207, 78, 1, 'tacho_reciclaje', 'residuo_electronico', 445, 437, '2025-10-15 04:17:23'),
(1208, 78, 1, 'tacho_reciclaje', 'botella_vidrio', 458, 581, '2025-10-15 04:17:23'),
(1209, 78, 1, 'tacho_reciclaje', 'botella_vidrio', 822, 401, '2025-10-15 04:17:25'),
(1210, 78, 1, 'tacho_reciclaje', 'residuo_electronico', 1218, 410, '2025-10-15 04:17:26'),
(1211, 78, 1, 'tacho_reciclaje', 'papel_reciclable', 798, 486, '2025-10-15 04:17:28'),
(1212, 78, 1, 'residuo_no_reciclable', 'botella_vidrio', 1169, 158, '2025-10-15 04:17:28'),
(1213, 78, 1, 'residuo_no_reciclable', 'papel_reciclable', 1102, 227, '2025-10-15 04:17:29'),
(1214, 78, 1, 'tacho_reciclaje', 'papel_reciclable', 338, 132, '2025-10-15 04:17:29'),
(1215, 78, 1, 'tacho_reciclaje', 'residuo_electronico', 467, 122, '2025-10-15 04:17:30'),
(1216, 78, 1, 'tacho_reciclaje', 'papel_reciclable', 581, 149, '2025-10-15 04:17:31'),
(1217, 78, 1, 'tacho_reciclaje', 'residuo_electronico', 689, 488, '2025-10-15 04:17:32'),
(1218, 78, 1, 'tacho_reciclaje', 'residuo_electronico', 1163, 558, '2025-10-15 04:17:34'),
(1219, 78, 1, 'tacho_reciclaje', 'botella_vidrio', 1047, 168, '2025-10-15 04:17:35'),
(1220, 78, 1, 'tacho_reciclaje', 'botella_plastico', 22, 375, '2025-10-15 04:17:36'),
(1221, 78, 1, 'tacho_reciclaje', 'botella_vidrio', 21, 348, '2025-10-15 04:17:37'),
(1222, 78, 1, 'residuo_no_reciclable', 'residuo_electronico', 803, 307, '2025-10-15 04:17:38'),
(1223, 78, 1, 'tacho_reciclaje', 'botella_vidrio', 199, 315, '2025-10-15 04:17:38'),
(1224, 78, 1, 'tacho_reciclaje', 'papel_reciclable', 235, 340, '2025-10-15 04:17:38'),
(1225, 78, 1, 'residuo_no_reciclable', 'papel_reciclable', 300, 447, '2025-10-15 04:17:40'),
(1226, 78, 1, 'tacho_reciclaje', 'residuo_electronico', 1063, 293, '2025-10-15 04:17:40'),
(1227, 78, 1, 'tacho_reciclaje', 'botella_vidrio', 1134, 281, '2025-10-15 04:17:40'),
(1228, 78, 1, 'tacho_reciclaje', 'papel_reciclable', 898, 459, '2025-10-15 04:17:42'),
(1229, 78, 1, 'tacho_reciclaje', 'residuo_electronico', 861, 382, '2025-10-15 04:17:43'),
(1230, 78, 1, 'residuo_no_reciclable', 'botella_plastico', 1103, 444, '2025-10-15 04:17:44'),
(1231, 78, 1, 'residuo_no_reciclable', 'residuo_electronico', 1109, 273, '2025-10-15 04:17:45'),
(1232, 78, 1, 'tacho_reciclaje', 'botella_vidrio', 617, 530, '2025-10-15 04:17:45'),
(1233, 78, 1, 'tacho_reciclaje', 'botella_plastico', 760, 343, '2025-10-15 04:17:45'),
(1234, 78, 1, 'residuo_no_reciclable', 'botella_plastico', 835, 190, '2025-10-15 04:17:46'),
(1235, 78, 1, 'tacho_reciclaje', 'botella_vidrio', 243, 422, '2025-10-15 04:17:46'),
(1236, 78, 1, 'tacho_reciclaje', 'residuo_electronico', 426, 160, '2025-10-15 04:17:47'),
(1237, 78, 1, 'tacho_reciclaje', 'botella_vidrio', 1130, 240, '2025-10-15 04:17:48'),
(1238, 78, 1, 'residuo_no_reciclable', 'papel_reciclable', 196, 538, '2025-10-15 04:17:48'),
(1239, 78, 1, 'tacho_reciclaje', 'botella_plastico', 854, 618, '2025-10-15 04:17:49'),
(1240, 78, 1, 'tacho_reciclaje', 'botella_vidrio', 778, 576, '2025-10-15 04:17:49'),
(1241, 78, 1, 'residuo_no_reciclable', 'botella_plastico', 185, 152, '2025-10-15 04:17:49'),
(1242, 78, 1, 'tacho_reciclaje', 'residuo_electronico', 673, 472, '2025-10-15 04:17:49'),
(1243, 78, 1, 'tacho_reciclaje', 'papel_reciclable', 1100, 139, '2025-10-15 04:17:50'),
(1244, 79, 1, 'residuo_no_reciclable', 'botella_vidrio', 650, 304, '2025-10-15 14:33:06'),
(1245, 79, 1, 'residuo_no_reciclable', 'papel_reciclable', 453, 424, '2025-10-15 14:33:10'),
(1246, 79, 1, 'residuo_no_reciclable', 'residuo_electronico', 396, 425, '2025-10-15 14:33:10'),
(1247, 79, 1, 'residuo_no_reciclable', 'papel_reciclable', 380, 137, '2025-10-15 14:33:13'),
(1248, 79, 1, 'residuo_no_reciclable', 'botella_vidrio', 250, 365, '2025-10-15 14:33:19'),
(1249, 79, 1, 'residuo_no_reciclable', 'botella_vidrio', 226, 472, '2025-10-15 14:33:21'),
(1250, 79, 1, 'residuo_no_reciclable', 'papel_reciclable', 1222, 435, '2025-10-15 14:33:24'),
(1251, 79, 1, 'residuo_no_reciclable', 'residuo_electronico', 665, 345, '2025-10-15 14:33:26'),
(1252, 79, 1, 'residuo_no_reciclable', 'botella_vidrio', 489, 100, '2025-10-15 14:33:26'),
(1253, 80, 1, 'residuo_no_reciclable', 'papel_reciclable', 565, 46, '2025-10-15 14:33:48'),
(1254, 80, 1, 'residuo_no_reciclable', 'papel_reciclable', 1006, 256, '2025-10-15 14:33:58'),
(1255, 81, 1, 'residuo_no_reciclable', 'botella_plastico', 15, 404, '2025-10-15 14:36:03'),
(1256, 81, 1, 'residuo_no_reciclable', 'residuo_electronico', 354, 531, '2025-10-15 14:36:04'),
(1257, 81, 1, 'residuo_no_reciclable', 'botella_vidrio', 1009, 183, '2025-10-15 14:36:14'),
(1258, 81, 1, 'residuo_no_reciclable', 'papel_reciclable', 1004, 190, '2025-10-15 14:36:14'),
(1259, 81, 1, 'residuo_no_reciclable', 'residuo_electronico', 1047, 201, '2025-10-15 14:36:14'),
(1260, 81, 1, 'residuo_no_reciclable', 'residuo_electronico', 1099, 256, '2025-10-15 14:36:16'),
(1261, 81, 1, 'residuo_no_reciclable', 'residuo_electronico', 953, 343, '2025-10-15 14:36:16'),
(1262, 81, 1, 'residuo_no_reciclable', 'botella_plastico', 125, 152, '2025-10-15 14:36:19'),
(1263, 81, 1, 'residuo_no_reciclable', 'papel_reciclable', 428, 122, '2025-10-15 14:36:20'),
(1264, 81, 1, 'residuo_no_reciclable', 'residuo_electronico', 590, 174, '2025-10-15 14:36:25'),
(1265, 81, 1, 'residuo_no_reciclable', 'botella_vidrio', 550, 275, '2025-10-15 14:36:28'),
(1266, 81, 1, 'residuo_no_reciclable', 'botella_vidrio', 1037, 282, '2025-10-15 14:36:30'),
(1267, 81, 1, 'residuo_no_reciclable', 'botella_vidrio', 1124, 471, '2025-10-15 14:36:31'),
(1268, 83, 1, 'residuo_no_reciclable', 'papel_reciclable', 364, 50, '2025-10-15 14:47:21'),
(1269, 83, 1, 'residuo_no_reciclable', 'residuo_electronico', 162, 151, '2025-10-15 14:47:22'),
(1270, 83, 1, 'residuo_no_reciclable', 'botella_vidrio', 572, 330, '2025-10-15 14:47:25'),
(1271, 83, 1, 'residuo_no_reciclable', 'botella_vidrio', 603, 370, '2025-10-15 14:47:25'),
(1272, 83, 1, 'residuo_no_reciclable', 'botella_vidrio', 603, 370, '2025-10-15 14:47:25'),
(1273, 83, 1, 'residuo_no_reciclable', 'papel_reciclable', 805, 109, '2025-10-15 14:47:25'),
(1274, 84, 1, 'residuo_no_reciclable', 'botella_vidrio', 383, 116, '2025-10-15 14:50:56'),
(1275, 84, 1, 'residuo_no_reciclable', 'botella_vidrio', 121, 374, '2025-10-15 14:50:57'),
(1276, 84, 1, 'residuo_no_reciclable', 'papel_reciclable', 39, 406, '2025-10-15 14:50:57'),
(1277, 84, 1, 'residuo_no_reciclable', 'botella_plastico', 25, 526, '2025-10-15 14:50:57'),
(1278, 84, 1, 'residuo_no_reciclable', 'papel_reciclable', 322, 547, '2025-10-15 14:50:58'),
(1279, 84, 1, 'residuo_no_reciclable', 'residuo_electronico', 1021, 109, '2025-10-15 14:51:01'),
(1280, 84, 1, 'residuo_no_reciclable', 'botella_plastico', 1072, 590, '2025-10-15 14:51:02'),
(1281, 85, 1, 'residuo_no_reciclable', 'papel_reciclable', 250, 530, '2025-10-15 14:51:35'),
(1282, 85, 1, 'residuo_no_reciclable', 'residuo_electronico', 538, 223, '2025-10-15 14:51:38'),
(1283, 85, 1, 'residuo_no_reciclable', 'papel_reciclable', 964, 564, '2025-10-15 14:51:39'),
(1284, 85, 1, 'residuo_no_reciclable', 'papel_reciclable', 1169, 466, '2025-10-15 14:51:40'),
(1285, 85, 1, 'residuo_no_reciclable', 'botella_vidrio', 841, 76, '2025-10-15 14:51:42'),
(1286, 85, 1, 'residuo_no_reciclable', 'residuo_electronico', 147, 561, '2025-10-15 14:51:44'),
(1287, 85, 1, 'residuo_no_reciclable', 'residuo_electronico', 715, 120, '2025-10-15 14:51:50'),
(1288, 85, 1, 'residuo_no_reciclable', 'residuo_electronico', 857, 222, '2025-10-15 14:51:55'),
(1289, 85, 1, 'residuo_no_reciclable', 'botella_vidrio', 1144, 358, '2025-10-15 14:51:56'),
(1290, 85, 1, 'residuo_no_reciclable', 'botella_vidrio', 1001, 514, '2025-10-15 14:51:57'),
(1291, 85, 1, 'residuo_no_reciclable', 'botella_vidrio', 112, 562, '2025-10-15 14:52:01'),
(1292, 86, 1, 'residuo_no_reciclable', 'botella_plastico', 368, 343, '2025-10-15 14:54:48'),
(1293, 86, 1, 'tacho_reciclaje', 'botella_vidrio', 27, 384, '2025-10-15 14:54:49'),
(1294, 86, 1, 'tacho_reciclaje', 'residuo_electronico', 427, 211, '2025-10-15 14:54:49'),
(1295, 86, 1, 'tacho_reciclaje', 'botella_vidrio', 897, 568, '2025-10-15 14:54:51'),
(1296, 86, 1, 'tacho_reciclaje', 'residuo_electronico', 1102, 541, '2025-10-15 14:54:51'),
(1297, 86, 1, 'residuo_no_reciclable', 'botella_plastico', 1004, 468, '2025-10-15 14:54:52'),
(1298, 86, 1, 'tacho_reciclaje', 'botella_vidrio', 684, 501, '2025-10-15 14:54:53'),
(1299, 86, 1, 'tacho_reciclaje', 'papel_reciclable', 671, 193, '2025-10-15 14:54:53'),
(1300, 86, 1, 'tacho_reciclaje', 'botella_plastico', 343, 190, '2025-10-15 14:54:53'),
(1301, 86, 1, 'tacho_reciclaje', 'papel_reciclable', 45, 313, '2025-10-15 14:54:54'),
(1302, 86, 1, 'tacho_reciclaje', 'residuo_electronico', 125, 448, '2025-10-15 14:54:55'),
(1303, 86, 1, 'residuo_no_reciclable', 'papel_reciclable', 387, 185, '2025-10-15 14:54:56'),
(1304, 86, 1, 'tacho_reciclaje', 'residuo_electronico', 798, 345, '2025-10-15 14:54:56'),
(1305, 86, 1, 'tacho_reciclaje', 'papel_reciclable', 809, 261, '2025-10-15 14:54:56'),
(1306, 86, 1, 'tacho_reciclaje', 'botella_vidrio', 818, 151, '2025-10-15 14:54:56'),
(1307, 86, 1, 'tacho_reciclaje', 'botella_vidrio', 768, 124, '2025-10-15 14:54:56'),
(1308, 86, 1, 'residuo_no_reciclable', 'botella_vidrio', 224, 339, '2025-10-15 14:54:56'),
(1309, 86, 1, 'tacho_reciclaje', 'residuo_electronico', 916, 294, '2025-10-15 14:54:57'),
(1310, 86, 1, 'tacho_reciclaje', 'botella_plastico', 521, 237, '2025-10-15 14:54:58'),
(1311, 86, 1, 'tacho_reciclaje', 'residuo_electronico', 5, 349, '2025-10-15 14:54:59'),
(1312, 86, 1, 'tacho_reciclaje', 'botella_plastico', 463, 522, '2025-10-15 14:55:00'),
(1313, 86, 1, 'tacho_reciclaje', 'botella_vidrio', 719, 515, '2025-10-15 14:55:00'),
(1314, 86, 1, 'residuo_no_reciclable', 'papel_reciclable', 1135, 363, '2025-10-15 14:55:01'),
(1315, 86, 1, 'tacho_reciclaje', 'botella_plastico', 943, 333, '2025-10-15 14:55:01'),
(1316, 86, 1, 'tacho_reciclaje', 'residuo_electronico', 475, 188, '2025-10-15 14:55:04'),
(1317, 86, 1, 'residuo_no_reciclable', 'botella_plastico', 659, 373, '2025-10-15 14:55:04'),
(1318, 86, 1, 'residuo_no_reciclable', 'residuo_electronico', 375, 508, '2025-10-15 14:55:05'),
(1319, 86, 1, 'tacho_reciclaje', 'papel_reciclable', 440, 195, '2025-10-15 14:55:06'),
(1320, 86, 1, 'tacho_reciclaje', 'botella_plastico', 478, 270, '2025-10-15 14:55:07'),
(1321, 86, 1, 'tacho_reciclaje', 'botella_vidrio', 347, 499, '2025-10-15 14:55:09'),
(1322, 86, 1, 'tacho_reciclaje', 'botella_plastico', 393, 390, '2025-10-15 14:55:10'),
(1323, 86, 1, 'tacho_reciclaje', 'botella_plastico', 539, 391, '2025-10-15 14:55:11'),
(1324, 86, 1, 'tacho_reciclaje', 'residuo_electronico', 891, 314, '2025-10-15 14:55:12'),
(1325, 86, 1, 'residuo_no_reciclable', 'papel_reciclable', 70, 626, '2025-10-15 14:55:14'),
(1326, 86, 1, 'tacho_reciclaje', 'residuo_electronico', 18, 300, '2025-10-15 14:55:15'),
(1327, 86, 1, 'residuo_no_reciclable', 'residuo_electronico', 868, 404, '2025-10-15 14:55:17'),
(1328, 86, 1, 'residuo_no_reciclable', 'residuo_electronico', 713, 230, '2025-10-15 14:55:20'),
(1329, 86, 1, 'residuo_no_reciclable', 'residuo_electronico', 750, 475, '2025-10-15 14:55:28'),
(1330, 86, 1, 'residuo_no_reciclable', 'papel_reciclable', 776, 368, '2025-10-15 14:55:28'),
(1331, 86, 1, 'residuo_no_reciclable', 'botella_vidrio', 386, 561, '2025-10-15 14:55:32'),
(1332, 86, 1, 'residuo_no_reciclable', 'botella_plastico', 420, 547, '2025-10-15 14:55:32');

-- --------------------------------------------------------

--
-- Estructura de tabla para la tabla `registro_partidas`
--

CREATE TABLE `registro_partidas` (
  `id_partida` int(11) NOT NULL,
  `id_usuario` int(11) NOT NULL,
  `fecha` datetime NOT NULL,
  `numero_partida` int(11) DEFAULT NULL,
  `nivel` int(11) DEFAULT NULL
) ENGINE=InnoDB DEFAULT CHARSET=utf8mb4 COLLATE=utf8mb4_general_ci;

--
-- Volcado de datos para la tabla `registro_partidas`
--

INSERT INTO `registro_partidas` (`id_partida`, `id_usuario`, `fecha`, `numero_partida`, `nivel`) VALUES
(1, 1, '2025-10-08 09:06:00', 1, 1),
(2, 2, '2025-10-08 09:16:56', 1, 1),
(55, 1, '2025-10-15 00:39:10', 1, 1),
(56, 1, '2025-10-15 01:15:22', 1, 1),
(57, 1, '2025-10-15 01:56:15', 1, 1),
(58, 1, '2025-10-15 01:57:36', 1, 1),
(59, 1, '2025-10-15 01:58:17', 1, 1),
(60, 1, '2025-10-15 02:16:05', 1, 1),
(61, 1, '2025-10-15 02:27:52', 1, 1),
(62, 1, '2025-10-15 02:30:32', 1, 1),
(63, 1, '2025-10-15 02:37:04', 1, 1),
(64, 1, '2025-10-15 02:41:57', 1, 1),
(65, 1, '2025-10-15 03:08:36', 1, 1),
(66, 1, '2025-10-15 03:09:11', 1, 1),
(67, 1, '2025-10-15 03:13:34', 1, 1),
(68, 1, '2025-10-15 03:20:08', 1, 1),
(69, 1, '2025-10-15 03:26:40', 1, 1),
(70, 1, '2025-10-15 03:37:00', 1, 1),
(71, 1, '2025-10-15 03:52:20', 1, 1),
(72, 1, '2025-10-15 03:54:18', 1, 1),
(73, 1, '2025-10-15 03:56:51', 1, 1),
(74, 1, '2025-10-15 04:01:26', 1, 1),
(75, 1, '2025-10-15 04:02:49', 1, 1),
(76, 1, '2025-10-15 04:04:19', 1, 1),
(77, 1, '2025-10-15 04:11:34', 1, 1),
(78, 1, '2025-10-15 04:16:47', 1, 1),
(79, 1, '2025-10-15 14:33:03', 1, 1),
(80, 1, '2025-10-15 14:33:43', 1, 1),
(81, 1, '2025-10-15 14:36:02', 1, 1),
(82, 1, '2025-10-15 14:44:11', 1, 1),
(83, 1, '2025-10-15 14:47:19', 1, 1),
(84, 1, '2025-10-15 14:50:51', 1, 1),
(85, 1, '2025-10-15 14:51:33', 1, 1),
(86, 1, '2025-10-15 14:54:47', 1, 1);

-- --------------------------------------------------------

--
-- Estructura de tabla para la tabla `registro_usuario`
--

CREATE TABLE `registro_usuario` (
  `id_usuario` int(11) NOT NULL,
  `usuario` varchar(50) NOT NULL,
  `contraseña` varchar(100) NOT NULL
) ENGINE=InnoDB DEFAULT CHARSET=utf8mb4 COLLATE=utf8mb4_general_ci;

--
-- Volcado de datos para la tabla `registro_usuario`
--

INSERT INTO `registro_usuario` (`id_usuario`, `usuario`, `contraseña`) VALUES
(1, 'matias', '123'),
(2, 'tati', '123');

--
-- Índices para tablas volcadas
--

--
-- Indices de la tabla `registro_colisiones`
--
ALTER TABLE `registro_colisiones`
  ADD PRIMARY KEY (`id_colision`),
  ADD KEY `id_usuario` (`id_usuario`),
  ADD KEY `id_partida` (`id_partida`);

--
-- Indices de la tabla `registro_coordenadas`
--
ALTER TABLE `registro_coordenadas`
  ADD PRIMARY KEY (`id_coordenada`),
  ADD KEY `id_usuario` (`id_usuario`),
  ADD KEY `id_partida` (`id_partida`);

--
-- Indices de la tabla `registro_partidas`
--
ALTER TABLE `registro_partidas`
  ADD PRIMARY KEY (`id_partida`),
  ADD KEY `id_usuario` (`id_usuario`);

--
-- Indices de la tabla `registro_usuario`
--
ALTER TABLE `registro_usuario`
  ADD PRIMARY KEY (`id_usuario`);

--
-- AUTO_INCREMENT de las tablas volcadas
--

--
-- AUTO_INCREMENT de la tabla `registro_colisiones`
--
ALTER TABLE `registro_colisiones`
  MODIFY `id_colision` int(11) NOT NULL AUTO_INCREMENT, AUTO_INCREMENT=36;

--
-- AUTO_INCREMENT de la tabla `registro_coordenadas`
--
ALTER TABLE `registro_coordenadas`
  MODIFY `id_coordenada` int(11) NOT NULL AUTO_INCREMENT, AUTO_INCREMENT=1333;

--
-- Restricciones para tablas volcadas
--

--
-- Filtros para la tabla `registro_colisiones`
--
ALTER TABLE `registro_colisiones`
  ADD CONSTRAINT `registro_colisiones_ibfk_1` FOREIGN KEY (`id_usuario`) REFERENCES `registro_usuario` (`id_usuario`),
  ADD CONSTRAINT `registro_colisiones_ibfk_2` FOREIGN KEY (`id_partida`) REFERENCES `registro_partidas` (`id_partida`);

--
-- Filtros para la tabla `registro_coordenadas`
--
ALTER TABLE `registro_coordenadas`
  ADD CONSTRAINT `registro_coordenadas_ibfk_1` FOREIGN KEY (`id_usuario`) REFERENCES `registro_usuario` (`id_usuario`),
  ADD CONSTRAINT `registro_coordenadas_ibfk_2` FOREIGN KEY (`id_partida`) REFERENCES `registro_partidas` (`id_partida`);

--
-- Filtros para la tabla `registro_partidas`
--
ALTER TABLE `registro_partidas`
  ADD CONSTRAINT `registro_partidas_ibfk_1` FOREIGN KEY (`id_usuario`) REFERENCES `registro_usuario` (`id_usuario`);
COMMIT;

/*!40101 SET CHARACTER_SET_CLIENT=@OLD_CHARACTER_SET_CLIENT */;
/*!40101 SET CHARACTER_SET_RESULTS=@OLD_CHARACTER_SET_RESULTS */;
/*!40101 SET COLLATION_CONNECTION=@OLD_COLLATION_CONNECTION */;
